ID,subject,trial_index,F3_mean,F3_std,F3_pwr_mu,F4_mean,F4_std,F4_pwr_mu,C3_mean,C3_std,C3_pwr_mu,Cz_mean,Cz_std,Cz_pwr_mu,C4_mean,C4_std,C4_pwr_mu,P3_mean,P3_std,P3_pwr_mu,P4_mean,P4_std,P4_pwr_mu,Oz_mean,Oz_std,Oz_pwr_mu,target
sub_00_trial_000,sub_00,0,1.4887816905975342,4.469493389129639,22.192842483520508,-2.1985442638397217,2.618936538696289,11.692425727844238,4.964003562927246,2.8855180740356445,32.96754837036133,-0.4173741340637207,3.260826587677002,10.807191848754883,-2.722954511642456,5.530930519104004,38.005672454833984,-0.1360078901052475,2.044011354446411,4.1964802742004395,-0.5637132525444031,2.641738176345825,7.296552658081055,1.4304087162017822,2.2597899436950684,7.152719020843506,move
sub_00_trial_001,sub_00,1,-7.100101947784424,3.8907108306884766,65.549072265625,2.9049510955810547,2.356961727142334,13.994009017944336,-1.6685810089111328,2.210332155227661,7.6697306632995605,-3.5149035453796387,4.597813129425049,33.49443054199219,7.397985935211182,5.772374629974365,88.05049896240234,2.3317477703094482,2.9630696773529053,14.216830253601074,5.332949161529541,2.8567774295806885,36.601524353027344,-0.21945776045322418,2.9524855613708496,8.765334129333496,rest
sub_00_trial_002,sub_00,2,-4.878123760223389,3.7554080486297607,37.8991813659668,-1.353342056274414,4.188464164733887,19.37476921081543,-0.3995746970176697,3.223447799682617,10.550276756286621,5.328369140625,2.9613146781921387,37.1609001159668,-3.5724377632141113,3.1098415851593018,22.433425903320312,2.2610702514648438,2.3656058311462402,10.70853042602539,4.001643657684326,2.9152355194091797,24.511749267578125,4.095612049102783,2.8354074954986572,24.813570022583008,rest
sub_00_trial_003,sub_00,3,3.187173843383789,2.6937007904052734,17.414100646972656,-3.5609915256500244,2.5520803928375244,19.19377326965332,1.4974586963653564,2.037446975708008,6.39357328414917,-1.0082045793533325,2.708463191986084,8.352249145507812,-3.927753210067749,2.8377435207366943,23.48003387451172,-1.9851574897766113,2.508916139602661,10.235509872436523,-4.780631065368652,2.6093924045562744,29.663358688354492,-2.0151917934417725,2.4436893463134766,10.032615661621094,move
sub_00_trial_004,sub_00,4,3.3776051998138428,3.3290960788726807,22.491098403930664,-5.175978660583496,5.080713272094727,52.60439682006836,4.040075302124023,3.5099735260009766,28.64212417602539,4.2999043464660645,2.7084569931030273,25.82491683959961,-8.013293266296387,4.037573337554932,80.51486206054688,4.630259990692139,3.0081417560577393,30.488224029541016,-7.910886287689209,3.940654993057251,78.11088562011719,-1.2875672578811646,2.287633180618286,6.891095161437988,rest
sub_00_trial_005,sub_00,5,6.942040920257568,4.491818428039551,68.36837768554688,2.3907434940338135,2.784006118774414,13.466344833374023,-1.9778540134429932,2.660886526107788,10.992222785949707,-0.5615867376327515,2.997931957244873,9.302976608276367,-1.0808273553848267,4.418209552764893,20.688764572143555,-1.653716802597046,2.385812520980835,8.426880836486816,-0.7041557431221008,2.953096628189087,9.216615676879883,-1.3718146085739136,2.2803945541381836,7.082075119018555,rest
sub_00_trial_006,sub_00,6,-4.347317695617676,3.6783316135406494,32.429298400878906,-4.494462490081787,3.8073222637176514,34.695899963378906,1.0928484201431274,2.8202223777770996,9.147972106933594,-1.305780291557312,2.673128128051758,8.850676536560059,1.3777092695236206,3.7811872959136963,16.19546127319336,-2.100339651107788,2.836085319519043,12.454806327819824,-4.977226257324219,3.2267587184906006,35.184749603271484,-0.35300543904304504,3.250755548477173,10.692023277282715,rest
sub_00_trial_007,sub_00,7,-5.9714813232421875,3.6680614948272705,49.1132698059082,0.026523681357502937,2.569359540939331,6.6023125648498535,1.4461227655410767,1.8417704105377197,5.483389854431152,-2.7423794269561768,2.598459482192993,14.272636413574219,2.026069164276123,2.9867734909057617,13.025771141052246,-4.090003967285156,2.6964545249938965,23.998998641967773,1.9697558879852295,2.655575752258301,10.932019233703613,-1.0176961421966553,2.7081046104431152,8.369537353515625,move
sub_00_trial_008,sub_00,8,1.1881803274154663,3.4336962699890137,13.202041625976562,-2.3070008754730225,2.466139078140259,11.404094696044922,2.3853423595428467,2.4665846824645996,11.773898124694824,2.4474401473999023,2.638882875442505,12.953665733337402,-1.2762330770492554,2.9524803161621094,10.345911979675293,1.6366286277770996,2.6181442737579346,9.533232688903809,0.07054736465215683,2.5041086673736572,6.275537490844727,3.4736483097076416,2.3647778034210205,17.658405303955078,move
sub_00_trial_009,sub_00,9,-0.44610297679901123,3.0978126525878906,9.795451164245605,-1.1526637077331543,2.3389546871185303,6.799342632293701,0.39619266986846924,2.4739766120910645,6.277528285980225,4.374171733856201,2.8834593296051025,27.44771957397461,-4.541968822479248,3.249439001083374,31.188337326049805,1.6827092170715332,2.6392908096313477,9.797367095947266,2.729374408721924,3.1897506713867188,17.623994827270508,7.192843914031982,4.327570915222168,70.4648666381836,rest
sub_00_trial_010,sub_00,10,1.9780998229980469,3.7925326824188232,18.296180725097656,0.4607163071632385,3.469731330871582,12.251294136047363,4.670040130615234,2.4881885051727295,28.000354766845703,-8.560615539550781,4.52906608581543,93.79657745361328,5.349758148193359,3.906374454498291,43.87968063354492,-1.8529785871505737,2.7842955589294434,11.185831069946289,-4.625758647918701,3.358210563659668,32.67522430419922,-6.283356189727783,4.286667346954346,57.8560791015625,rest
sub_00_trial_011,sub_00,11,-1.1670739650726318,3.385437250137329,12.823246002197266,-1.6446257829666138,2.230595111846924,7.680347919464111,1.8009397983551025,2.255465269088745,8.3305082321167,0.14823101460933685,2.7705490589141846,7.697914123535156,2.4927806854248047,3.864771842956543,21.15041732788086,3.406451940536499,3.2799458503723145,22.36195945739746,-3.769379138946533,3.27536678314209,24.936246871948242,-0.11729208379983902,2.679434061050415,7.193123817443848,rest
sub_00_trial_012,sub_00,12,-0.6353038549423218,3.4357376098632812,12.207903861999512,-3.1362454891204834,3.015394687652588,18.92864227294922,-1.9784380197525024,2.4836692810058594,10.082830429077148,-2.200470209121704,3.5540413856506348,17.473278045654297,1.716461420059204,4.259792327880859,21.092069625854492,-0.3001503646373749,2.459047317504883,6.137003421783447,-5.95119047164917,3.454995632171631,47.353668212890625,-6.50753927230835,3.0062828063964844,51.385799407958984,rest
sub_00_trial_013,sub_00,13,0.21315649151802063,3.9687814712524414,15.796662330627441,-3.1971261501312256,2.8752281665802,18.488550186157227,-0.04541398584842682,1.7632733583450317,3.1111953258514404,-1.5912272930145264,3.040677785873413,11.777724266052246,0.05749267712235451,5.257139682769775,27.640819549560547,-0.12066296488046646,2.8436152935028076,8.1007080078125,-3.5808939933776855,3.3398194313049316,23.977197647094727,-3.4236624240875244,3.3479015827178955,22.92991065979004,move
sub_00_trial_014,sub_00,14,-0.07627947628498077,3.681353807449341,13.558183670043945,-4.4170145988464355,3.1440443992614746,29.395034790039062,2.755873918533325,2.5174481868743896,13.93238639831543,-0.9235664010047913,2.9074301719665527,9.306123733520508,-3.7618730068206787,3.1841533184051514,24.2905216217041,-4.231635093688965,3.535907030105591,30.40937042236328,-4.613156318664551,4.333678722381592,40.061981201171875,-2.2087786197662354,3.7434253692626953,18.891935348510742,move
sub_00_trial_015,sub_00,15,-3.3653903007507324,3.271801710128784,22.03053855895996,-0.8654625415802002,3.2399239540100098,11.246132850646973,3.56708025932312,2.251885175704956,17.79505157470703,1.6008527278900146,3.226868152618408,12.975409507751465,-3.014777183532715,4.013602256774902,25.197891235351562,4.197628021240234,2.7731432914733887,25.310400009155273,-3.437530279159546,3.721331834793091,25.664926528930664,2.407885789871216,3.157914161682129,15.770336151123047,rest
sub_00_trial_016,sub_00,16,-1.4522193670272827,3.9891436100006104,18.022207260131836,1.217434287071228,2.313366174697876,6.8338093757629395,0.3602299690246582,1.6876733303070068,2.978006601333618,6.769049644470215,4.472921848297119,65.82707214355469,-6.239569187164307,3.973871946334839,54.72388458251953,3.0653252601623535,2.2616233825683594,14.51115894317627,2.4074602127075195,4.176252841949463,23.236953735351562,7.634026527404785,5.009302139282227,83.3714599609375,move
sub_00_trial_017,sub_00,17,1.4359899759292603,3.554567813873291,14.69701862335205,-2.117785692214966,3.3675873279571533,15.82565975189209,3.9145920276641846,3.866654872894287,30.27505111694336,-0.7975150346755981,4.123568534851074,17.63984489440918,-2.374709129333496,2.8786492347717285,13.92586612701416,5.035161018371582,2.36369252204895,30.939889907836914,-2.5979902744293213,5.423378944396973,36.162593841552734,-0.5654290914535522,4.03154182434082,16.573040008544922,move
sub_00_trial_018,sub_00,18,4.825650215148926,4.395764350891113,42.609642028808594,0.44010022282600403,2.7945456504821777,8.003172874450684,-3.5391690731048584,2.11698055267334,17.00732421875,1.0360815525054932,2.7626595497131348,8.7057523727417,-1.077219843864441,3.7980825901031494,15.585833549499512,1.0865429639816284,2.025904893875122,5.2848663330078125,-3.829904317855835,4.140615463256836,31.812864303588867,-2.357150077819824,3.2606470584869385,16.18797492980957,rest
sub_00_trial_019,sub_00,19,-1.2683075666427612,2.74394154548645,9.13782024383545,-5.7378129959106445,3.4777724742889404,45.017398834228516,2.8164899349212646,3.5287296772003174,20.38454818725586,-2.854752540588379,3.0530893802642822,17.47096824645996,2.4369170665740967,3.90270733833313,21.169687271118164,1.7326092720031738,2.3907155990600586,8.71745491027832,-3.665360450744629,2.460296630859375,19.487926483154297,-3.9538302421569824,2.42698073387146,21.523012161254883,rest
sub_00_trial_020,sub_00,20,-1.777554988861084,2.9909887313842773,12.105713844299316,-1.6436933279037476,2.134570360183716,7.258118152618408,0.07799642533063889,1.6331071853637695,2.6731226444244385,3.373181104660034,2.5570502281188965,17.91685676574707,-1.602329134941101,3.386967420578003,14.039008140563965,6.677536964416504,4.835148334503174,67.9681625366211,1.5105770826339722,2.2790069580078125,7.475715637207031,2.480447769165039,2.34515118598938,11.652355194091797,move
sub_00_trial_021,sub_00,21,8.180889129638672,4.4389777183532715,86.6314697265625,1.050191879272461,3.5055160522460938,13.391546249389648,-2.5980145931243896,2.7931594848632812,14.551421165466309,0.05539431795477867,3.511697292327881,12.335086822509766,0.5152410864830017,4.497117042541504,20.489534378051758,0.09193803369998932,1.91954505443573,3.693105697631836,-2.6925714015960693,3.2267303466796875,17.661727905273438,-1.8062182664871216,3.026235818862915,12.420528411865234,rest
sub_00_trial_022,sub_00,22,1.9023312330245972,4.182600975036621,21.11301612854004,2.913358688354492,3.367439031600952,19.827302932739258,-0.7774932980537415,3.229867696762085,11.036540031433105,3.95534086227417,3.5971157550811768,28.58396339416504,-7.528444290161133,4.6014404296875,77.85072326660156,-0.007678771857172251,2.4895853996276855,6.198094367980957,-3.0606374740600586,2.3551876544952393,14.914412498474121,0.8314762711524963,2.1176235675811768,5.175682544708252,rest
sub_00_trial_023,sub_00,23,6.349658966064453,3.5633256435394287,53.01546096801758,2.8973608016967773,2.8247666358947754,16.374004364013672,-3.9786322116851807,2.7546517848968506,23.417621612548828,0.5302693843841553,2.5546329021453857,6.8073344230651855,-0.28141307830810547,3.274700403213501,10.802855491638184,0.8829089999198914,2.619673252105713,7.642216205596924,-1.876967191696167,3.012880563735962,12.600457191467285,-5.972527503967285,3.448521137237549,47.563377380371094,move
sub_00_trial_024,sub_00,24,-2.1915102005004883,3.5978338718414307,17.74712562561035,8.582306861877441,5.73642110824585,106.56250762939453,-5.821043014526367,3.4769959449768066,45.97403335571289,5.449557781219482,3.614272356033325,42.760643005371094,-1.3029218912124634,3.3845319747924805,13.15266227722168,2.9108126163482666,2.3247570991516113,13.877325057983398,7.08099889755249,6.028924465179443,86.48849487304688,3.7758901119232178,3.623445510864258,27.386703491210938,rest
sub_00_trial_025,sub_00,25,0.34520837664604187,3.2889885902404785,10.936614990234375,-6.062108039855957,5.914552688598633,71.7310791015625,4.448108196258545,3.0273776054382324,28.95068359375,-5.866779327392578,4.060542583465576,50.90709686279297,2.409259557723999,3.8964972496032715,20.98722267150879,1.2648831605911255,2.7736806869506836,9.293234825134277,-6.293615341186523,5.33333683013916,68.05406951904297,-6.099370956420898,4.699497699737549,59.28759765625,move
sub_00_trial_026,sub_00,26,2.3770010471343994,3.15313982963562,15.592423439025879,-0.9487778544425964,2.1067941188812256,5.3387603759765625,-0.9267904758453369,2.545259952545166,7.337287902832031,5.7740373611450195,4.101381301879883,50.16083908081055,-7.189538955688477,4.519929885864258,72.11924743652344,-1.0913900136947632,2.148026466369629,5.805150508880615,-0.5385167598724365,2.4387803077697754,6.237649440765381,-0.10517251491546631,2.4387340545654297,5.958485126495361,move
sub_00_trial_027,sub_00,27,1.4500126838684082,3.4133639335632324,13.753589630126953,0.17721886932849884,2.945221424102783,8.70573616027832,-2.6586453914642334,2.5995428562164307,13.826019287109375,-2.482461929321289,3.4152309894561768,17.826417922973633,6.303950309753418,5.074632167816162,65.49168395996094,-0.8362995386123657,2.252883195877075,5.774879455566406,-0.19843240082263947,2.4320180416107178,5.954086780548096,-4.3335795402526855,3.515673875808716,31.139875411987305,move
sub_00_trial_028,sub_00,28,4.602659702301025,3.5452284812927246,33.75312423706055,5.606988430023193,2.64705491065979,38.44521713256836,-5.124575138092041,3.151710271835327,36.19454574584961,1.0283997058868408,2.3339412212371826,6.504886627197266,1.122884750366211,2.8651018142700195,9.469679832458496,-1.164061188697815,3.032388687133789,10.550419807434082,0.9628188610076904,2.9350850582122803,9.541744232177734,-0.021819718182086945,2.4737548828125,6.119938373565674,rest
sub_00_trial_029,sub_00,29,7.1166534423828125,4.533878803253174,71.20281982421875,-1.3953396081924438,2.1123745441436768,6.409098148345947,-0.37355950474739075,1.8931933641433716,3.7237279415130615,0.8727729320526123,4.251216411590576,18.834571838378906,-5.675843238830566,6.6839118003845215,76.88988494873047,-1.181207537651062,2.705838680267334,8.716814041137695,-2.6389901638031006,2.3767025470733643,12.612984657287598,-2.129241704940796,2.3434431552886963,10.025396347045898,move
sub_00_trial_030,sub_00,30,1.5656579732894897,2.855764389038086,10.606675148010254,3.273993730545044,2.0851001739501953,15.066678047180176,-2.9001083374023438,1.843346357345581,11.808554649353027,3.5195136070251465,2.432277202606201,18.30295181274414,-2.4187183380126953,3.3981266021728516,17.397462844848633,-3.2224061489105225,2.2434496879577637,15.41696834564209,2.8807263374328613,2.36733341217041,13.902851104736328,2.230816602706909,2.496349811553955,11.208304405212402,move
sub_00_trial_031,sub_00,31,2.8843777179718018,3.8153011798858643,22.876155853271484,2.7726006507873535,2.9199230670928955,16.213266372680664,-0.2949359118938446,2.640232801437378,7.057816982269287,-0.8631986975669861,2.9313414096832275,9.337873458862305,1.3407045602798462,4.753407001495361,24.392364501953125,1.5990668535232544,2.0657618045806885,6.824386119842529,-1.1098376512527466,2.2961418628692627,6.504007816314697,0.9220191836357117,3.1578142642974854,10.82190990447998,rest
sub_00_trial_032,sub_00,32,1.8851813077926636,3.418625593185425,15.2409086227417,4.1758623123168945,3.871108293533325,32.42330551147461,-3.5724616050720215,3.183607578277588,22.89784049987793,3.513974905014038,2.1163742542266846,16.82706069946289,-1.222800850868225,2.9028680324554443,9.921884536743164,-1.1431491374969482,4.003127098083496,17.331815719604492,2.8493051528930664,3.192544937133789,18.310880661010742,1.1890286207199097,2.301267623901367,6.709621429443359,move
sub_00_trial_033,sub_00,33,-6.212099552154541,4.201919078826904,56.246299743652344,-1.9437756538391113,2.5162503719329834,10.109779357910156,1.6370102167129517,2.0812833309173584,7.011541843414307,-1.6018469333648682,2.810757637023926,10.46627140045166,5.182333946228027,3.8481130599975586,41.6645622253418,-2.4180948734283447,2.8300681114196777,13.85646915435791,2.6669952869415283,2.8253085613250732,15.095233917236328,-0.15944339334964752,2.4971039295196533,6.26094913482666,move
sub_00_trial_034,sub_00,34,3.725602626800537,3.9211819171905518,29.255779266357422,0.06641784310340881,3.6745338439941406,13.506610870361328,-0.7010864615440369,2.674743175506592,7.645773410797119,1.5156313180923462,3.1729116439819336,12.364503860473633,-3.5160610675811768,4.465824604034424,32.3062744140625,1.075412631034851,2.432565212249756,7.073885917663574,-1.1854984760284424,3.2876482009887695,12.21403694152832,-3.117846727371216,2.561250686645508,16.280973434448242,rest
sub_00_trial_035,sub_00,35,1.203118085861206,2.9592010974884033,10.204362869262695,2.0099573135375977,2.362034320831299,9.619134902954102,-3.504412889480591,3.3446667194366455,23.46770477294922,-1.2164822816848755,2.479377269744873,7.627140522003174,4.0127034187316895,4.406724452972412,35.52101135253906,-0.9516887664794922,3.137032985687256,10.746687889099121,2.1336734294891357,2.6683385372161865,11.672592163085938,0.5042603015899658,2.094242572784424,4.640130996704102,move
sub_00_trial_036,sub_00,36,4.73051643371582,2.7958321571350098,30.19446563720703,2.4969325065612793,3.8338656425476074,20.933198928833008,-2.6007080078125,2.5021700859069824,13.024537086486816,-0.3225148320198059,2.9200236797332764,8.630555152893066,-0.76243656873703,3.2383501529693604,11.068222045898438,-4.424389839172363,3.2368485927581787,30.052412033081055,1.6201494932174683,3.716181993484497,16.434892654418945,-1.1850460767745972,2.958444595336914,10.156730651855469,move
sub_00_trial_037,sub_00,37,-4.5965986251831055,3.8211348056793213,35.72978973388672,1.880449652671814,2.817547559738159,11.474665641784668,2.8516476154327393,2.660444736480713,15.209861755371094,-0.10144396871328354,3.0883190631866455,9.548006057739258,0.0019819336012005806,4.971261978149414,24.713451385498047,3.9782822132110596,2.752129316329956,23.400943756103516,2.879465103149414,2.9595437049865723,17.050216674804688,2.87412166595459,2.997903347015381,17.247997283935547,rest
sub_00_trial_038,sub_00,38,8.448113441467285,6.00295877456665,107.4061279296875,-1.7255322933197021,2.7718515396118164,10.660622596740723,-0.3378397226333618,2.0887269973754883,4.4769158363342285,-3.287710428237915,2.8913815021514893,19.169124603271484,0.8839888572692871,3.470139741897583,12.823305130004883,-2.8813540935516357,2.7958908081054688,16.119205474853516,-6.48913049697876,5.010400295257568,67.21292877197266,-5.638986110687256,4.385160446166992,51.027793884277344,move
sub_00_trial_039,sub_00,39,4.3561201095581055,3.072570562362671,28.41646957397461,-1.7352374792099,2.737511396408081,10.505016326904297,2.7484004497528076,3.2841525077819824,18.33936309814453,2.728860378265381,3.1025373935699463,17.072418212890625,-8.553590774536133,4.977527618408203,97.93968963623047,-3.813735246658325,3.684431552886963,28.119613647460938,-2.4072375297546387,2.527517795562744,12.183138847351074,1.163137674331665,3.9609663486480713,17.042142868041992,rest
sub_01_trial_000,sub_01,0,-2.0803749561309814,2.8944990634918213,12.706085205078125,-8.810674667358398,4.4586710929870605,97.50775146484375,-6.416919708251953,3.8292734622955322,55.840187072753906,-2.1243624687194824,2.9019596576690674,12.934286117553711,5.879024982452393,3.6898300647735596,48.17778015136719,-3.4597954750061035,3.5193750858306885,24.35618782043457,7.358798027038574,5.579033374786377,85.27751922607422,-1.707396149635315,3.0281527042388916,12.084911346435547,move
sub_01_trial_001,sub_01,1,-0.2332751452922821,5.2354254722595215,27.46409797668457,-0.14505228400230408,2.496950387954712,6.255801200866699,-1.2556339502334595,3.657604694366455,14.954689025878906,0.9349390864372253,3.838820457458496,15.6106538772583,-0.20419396460056305,3.1022486686706543,9.665640830993652,-6.669541835784912,3.7751505374908447,58.73454666137695,2.098459005355835,2.6528007984161377,11.440881729125977,0.26168036460876465,2.601844310760498,6.838070392608643,rest
sub_01_trial_002,sub_01,2,-2.016244411468506,3.4163196086883545,15.736482620239258,1.602934718132019,2.4148764610290527,8.40102767944336,-3.817058801651001,2.675105094909668,21.726125717163086,-0.1254909634590149,3.1694674491882324,10.061272621154785,-2.689117431640625,2.743049383163452,14.755671501159668,-2.822406768798828,2.8100650310516357,15.862444877624512,3.551959276199341,4.205233097076416,30.30040168762207,0.23792842030525208,2.6409177780151367,7.031055927276611,move
sub_01_trial_003,sub_01,3,-0.4076554775238037,2.3555970191955566,5.715020656585693,0.22914429008960724,2.1465516090393066,4.660190582275391,4.762041091918945,4.662948131561279,44.42011642456055,-5.306629657745361,4.9487175941467285,52.650123596191406,1.1098116636276245,3.3907101154327393,12.728597640991211,7.015799522399902,3.8679397106170654,64.1823959350586,0.6168181300163269,2.3218061923980713,5.771248817443848,-3.0542244911193848,3.555972099304199,21.973224639892578,rest
sub_01_trial_004,sub_01,4,-2.1411712169647217,2.1793508529663086,9.334184646606445,5.076543807983398,3.155226707458496,35.72675323486328,2.689032793045044,3.2435975074768066,17.751821517944336,-4.343783378601074,5.767029285430908,52.12708282470703,-3.55190372467041,5.017990589141846,37.79624938964844,3.3835020065307617,2.6113181114196777,18.267066955566406,2.6733715534210205,3.7071714401245117,20.89003562927246,-6.044783115386963,5.232006072998047,63.913291931152344,rest
sub_01_trial_005,sub_01,5,-2.370412826538086,2.2959671020507812,10.890320777893066,1.6127300262451172,2.821239471435547,10.56029224395752,6.11776876449585,4.287604331970215,55.81063461303711,2.1968281269073486,2.9453494548797607,13.501134872436523,3.064938545227051,2.5792949199676514,16.04660987854004,-0.5730499029159546,2.7635409832000732,7.965543746948242,-2.463137149810791,2.954737901687622,14.79751968383789,-1.2816460132598877,3.421010732650757,13.345931053161621,move
sub_01_trial_006,sub_01,6,0.8784694671630859,2.572150468826294,7.387666702270508,0.6737232208251953,2.097687005996704,4.854193210601807,-0.9105879068374634,3.336745500564575,11.963043212890625,0.4523214101791382,3.8516721725463867,15.039971351623535,2.1256282329559326,3.069291114807129,13.938843727111816,4.689413070678711,4.050197601318359,38.39469909667969,0.5980528593063354,2.294410467147827,5.6219868659973145,-1.0703188180923462,3.801342725753784,15.595788955688477,rest
sub_01_trial_007,sub_01,7,-0.06053149327635765,3.1125829219818115,9.6918363571167,-0.45593997836112976,2.364894390106201,5.8006062507629395,0.5214126706123352,3.6721622943878174,13.756646156311035,7.426375389099121,5.334077835083008,83.60343933105469,2.596405267715454,3.8713479042053223,21.728652954101562,5.410414218902588,3.9618582725524902,44.96889877319336,-8.202147483825684,4.924178123474121,91.52275085449219,4.386410236358643,2.750091314315796,26.8035945892334,rest
sub_01_trial_008,sub_01,8,3.3783791065216064,2.5169284343719482,17.74837303161621,-0.11578686535358429,2.1100387573242188,4.465670108795166,1.5387474298477173,3.113440752029419,12.06125545501709,-5.175645351409912,3.5751192569732666,39.56877899169922,4.065618991851807,3.503274440765381,28.802188873291016,6.189580917358398,4.1242451667785645,55.3203125,2.3327548503875732,2.255518913269043,10.5291109085083,-3.3897829055786133,2.604823589324951,18.275733947753906,move
sub_01_trial_009,sub_01,9,-0.3460039794445038,2.708564043045044,7.456037998199463,0.7040942311286926,2.7699804306030273,8.168540954589844,0.22799165546894073,3.2144663333892822,10.384774208068848,1.026430606842041,3.6204493045806885,14.161212921142578,2.959432601928711,3.500640630722046,21.012725830078125,-0.6661437749862671,2.766444444656372,8.096962928771973,-1.7348766326904297,2.9018383026123047,11.430462837219238,-1.6465356349945068,3.38077449798584,14.140717506408691,rest
sub_01_trial_010,sub_01,10,-0.4237263798713684,2.3333606719970703,5.624116897583008,0.9536370635032654,2.0366055965423584,5.057186603546143,-1.3661706447601318,3.054779291152954,11.198099136352539,7.405223846435547,3.296140432357788,65.70187377929688,0.8735122084617615,3.293442726135254,11.609787940979004,-5.570301532745361,2.7343616485595703,38.5049934387207,-0.26334211230278015,3.0093584060668945,9.125587463378906,4.442461013793945,2.877551794052124,28.015766143798828,move
sub_01_trial_011,sub_01,11,0.9544810056686401,2.5225348472595215,7.2742156982421875,2.8393867015838623,2.652839183807373,15.099671363830566,2.6937079429626465,2.982423782348633,16.15091323852539,6.030775547027588,4.027222156524658,52.588768005371094,-0.8143366575241089,3.4526803493499756,12.584145545959473,-0.11757766455411911,2.854344606399536,8.161107063293457,-9.144844055175781,4.148351192474365,100.83698272705078,4.007256031036377,3.0961570739746094,25.644289016723633,move
sub_01_trial_012,sub_01,12,4.404452800750732,2.981746196746826,28.29001235961914,-3.097482919692993,3.1929285526275635,19.78919219970703,-3.923783540725708,3.6678013801574707,28.848844528198242,-1.5442605018615723,3.3643178939819336,13.703373908996582,1.0623232126235962,2.6360747814178467,8.077422142028809,0.0006477356073446572,3.0806825160980225,9.490606307983398,1.0525099039077759,3.2857422828674316,11.903879165649414,0.05644439533352852,2.7181143760681152,7.391332149505615,move
sub_01_trial_013,sub_01,13,-2.792255163192749,2.2246127128601074,12.745591163635254,-4.327786922454834,2.3945045471191406,24.463394165039062,-2.6627743244171143,2.666329860687256,14.199681282043457,0.31865376234054565,3.6647140979766846,13.531667709350586,1.3383402824401855,2.9478728771209717,10.481109619140625,2.5290095806121826,3.110978841781616,16.074077606201172,3.59749174118042,2.616048812866211,19.785659790039062,0.08323324471712112,2.4758825302124023,6.136922359466553,move
sub_01_trial_014,sub_01,14,-0.9602451920509338,2.4805030822753906,7.0749664306640625,0.2642677128314972,3.0456414222717285,9.345769882202148,2.731034994125366,3.2115731239318848,17.772754669189453,-0.7234152555465698,3.1879775524139404,10.686531066894531,-1.187170386314392,3.395261287689209,12.937171936035156,2.8154001235961914,2.6332054138183594,14.860248565673828,-4.747629165649414,2.816410779953003,30.47215461730957,0.9673612713813782,2.920828342437744,9.467025756835938,rest
sub_01_trial_015,sub_01,15,5.719515800476074,2.4945602416992188,38.935691833496094,0.28844672441482544,2.05460524559021,4.304605007171631,-3.0240604877471924,3.4050285816192627,20.739164352416992,-4.845638751983643,5.191814422607422,50.435150146484375,-2.5150952339172363,3.435880422592163,18.130979537963867,2.468099594116211,2.8541364669799805,14.237611770629883,-5.723679542541504,3.150378704071045,42.685394287109375,-1.2184122800827026,3.5932631492614746,14.396068572998047,rest
sub_01_trial_016,sub_01,16,-0.9939497709274292,2.553229570388794,7.506917476654053,4.497882843017578,3.044039011001587,29.497119903564453,0.9220646023750305,3.0236659049987793,9.992758750915527,-1.287211298942566,3.6198763847351074,14.760417938232422,-6.416135311126709,4.60636043548584,62.385353088378906,2.5796260833740234,2.746142625808716,14.195770263671875,-0.7683925032615662,2.6475090980529785,7.599732398986816,-0.036342620849609375,2.770859956741333,7.678985118865967,rest
sub_01_trial_017,sub_01,17,-1.5419737100601196,2.6095681190490723,9.187529563903809,4.272058963775635,2.9906818866729736,27.19466781616211,1.0274571180343628,3.1755917072296143,11.14005184173584,-0.16531258821487427,2.880431890487671,8.324216842651367,-3.129129648208618,3.4616804122924805,21.774681091308594,0.8683131337165833,2.507303476333618,7.040538311004639,1.3360522985458374,3.7427523136138916,15.793230056762695,-2.6872873306274414,3.6083571910858154,20.24175453186035,move
sub_01_trial_018,sub_01,18,2.5986547470092773,2.5264906883239746,13.136161804199219,2.02475905418396,2.5686752796173096,10.697742462158203,-0.32120639085769653,2.769810914993286,7.775026321411133,4.677154064178467,3.2115373611450195,32.18974685668945,2.906428337097168,2.6434006690979004,15.434892654418945,3.062633991241455,3.066493034362793,18.78310775756836,-2.989614725112915,3.8381776809692383,23.66940689086914,-0.9172665476799011,2.379642963409424,6.504079818725586,move
sub_01_trial_019,sub_01,19,-4.355823040008545,2.7133419513702393,26.335420608520508,-1.0831295251846313,1.902011752128601,4.790818214416504,7.626255035400391,4.1941938400268555,75.75102996826172,-4.746823310852051,3.210799217224121,32.8415641784668,-2.2262160778045654,2.6030707359313965,11.732014656066895,-1.0604990720748901,3.3953042030334473,12.652750015258789,0.850820004940033,2.662155866622925,7.810967922210693,2.611064910888672,3.0600664615631104,16.181665420532227,move
sub_01_trial_020,sub_01,20,1.1797248125076294,2.7073490619659424,8.721489906311035,1.8789294958114624,2.538633108139038,9.975034713745117,-1.508301854133606,2.742786169052124,9.797850608825684,-0.8969156742095947,3.513235092163086,13.147279739379883,-4.258025169372559,3.9584426879882812,33.800052642822266,-0.7854523062705994,2.336034059524536,6.073991298675537,3.1007041931152344,2.6092069149017334,16.42232894897461,-0.43964990973472595,3.126278877258301,9.966913223266602,move
sub_01_trial_021,sub_01,21,0.18471617996692657,2.2221567630767822,4.972100734710693,2.0830953121185303,1.9554085731506348,8.162908554077148,4.621914863586426,3.155160903930664,31.317140579223633,4.024491786956787,4.365475654602051,35.25391387939453,0.9969573020935059,2.8320472240448,9.01441478729248,-0.5151220560073853,2.7032828330993652,7.573088645935059,-4.274197101593018,2.5007927417755127,24.522722244262695,0.8470898270606995,2.8430778980255127,8.800653457641602,move
sub_01_trial_022,sub_01,22,2.159942150115967,2.9701240062713623,13.486985206604004,2.5035996437072754,2.3379673957824707,11.734102249145508,-5.361097812652588,4.939126014709473,53.1363410949707,-0.08412481844425201,3.664793014526367,13.437783241271973,-1.9623923301696777,3.787252187728882,18.194263458251953,-5.6153106689453125,2.741114616394043,39.0454216003418,1.574062466621399,5.30340576171875,30.603784561157227,-3.7195193767547607,3.460092067718506,25.80706024169922,rest
sub_01_trial_023,sub_01,23,5.1118927001953125,3.1614279747009277,36.126075744628906,2.484058141708374,2.914992332458496,14.667722702026367,-0.6426368951797485,3.106502056121826,10.063337326049805,0.6695771813392639,3.0493826866149902,9.747068405151367,-1.9103845357894897,3.539951801300049,16.180830001831055,7.591907978057861,5.142130374908447,84.07856750488281,-5.130764007568359,2.6397995948791504,33.29328155517578,-2.3480403423309326,3.4216651916503906,17.221086502075195,move
sub_01_trial_024,sub_01,24,-4.2526702880859375,3.3079445362091064,29.02770233154297,0.440115749835968,2.271031618118286,5.351286888122559,-0.549782931804657,3.0272376537323,9.46642780303955,4.189624309539795,3.377932548522949,28.963380813598633,2.2202792167663574,2.906916856765747,13.379804611206055,-2.8768150806427,2.778085708618164,15.99382495880127,2.7860898971557617,2.868324041366577,15.989579200744629,0.7290384769439697,2.6163699626922607,7.376889228820801,move
sub_01_trial_025,sub_01,25,2.4424493312835693,2.408846139907837,11.768097877502441,1.0688902139663696,2.8263487815856934,9.130773544311523,2.4603629112243652,3.429644823074341,17.815847396850586,-0.29513415694236755,5.015815258026123,25.24550437927246,0.3671436905860901,3.278456926345825,10.883072853088379,-1.4933010339736938,2.5456130504608154,8.710094451904297,-2.426539897918701,2.8548972606658936,14.038534164428711,3.3097782135009766,3.031925916671753,20.147207260131836,rest
sub_01_trial_026,sub_01,26,0.052415281534194946,4.527735233306885,20.503131866455078,3.465711832046509,2.178093910217285,16.755252838134766,3.9208922386169434,3.3345179557800293,26.492406845092773,-7.350171089172363,5.396155834197998,83.14350128173828,-3.2604541778564453,3.5440542697906494,23.190879821777344,6.439484596252441,3.9930310249328613,57.41126251220703,-2.682823657989502,3.8970868587493896,22.384828567504883,-3.9560787677764893,3.795520544052124,30.056537628173828,rest
sub_01_trial_027,sub_01,27,1.775030255317688,2.528595209121704,9.544527053833008,1.7195602655410767,2.2791192531585693,8.151272773742676,0.6287033557891846,3.3414034843444824,11.5602445602417,3.9999043941497803,5.370704174041748,44.84369659423828,0.03566671907901764,3.2136332988739014,10.328710556030273,-2.3770012855529785,3.5816893577575684,18.4786319732666,-2.074833631515503,2.8117024898529053,12.210606575012207,0.9443894028663635,4.383583068847656,20.107669830322266,rest
sub_01_trial_028,sub_01,28,-1.6157920360565186,2.2277672290802,7.57373046875,-0.4391304552555084,2.2346129417419434,5.186330795288086,7.488015651702881,4.567563056945801,76.93301391601562,-0.45395252108573914,4.5739545822143555,21.127132415771484,0.3968612253665924,3.5454509258270264,12.727720260620117,-1.347308874130249,3.510859489440918,14.141376495361328,-4.896686553955078,4.21160888671875,41.715187072753906,-0.9743943810462952,2.7355544567108154,8.432703018188477,rest
sub_01_trial_029,sub_01,29,3.3995718955993652,2.6987643241882324,18.840415954589844,1.9135900735855103,2.627033233642578,10.563131332397461,-0.5045481324195862,3.025592565536499,9.40877914428711,2.42893648147583,3.5698788166046143,18.643768310546875,0.19452601671218872,3.3738794326782227,11.420903205871582,-2.5898280143737793,2.8296828269958496,14.714314460754395,-0.4695981442928314,2.5278475284576416,6.610536098480225,-4.120937347412109,4.826728820800781,40.279441833496094,rest
sub_01_trial_030,sub_01,30,1.889099359512329,2.329941987991333,8.997325897216797,-4.419984817504883,3.2067723274230957,29.81965446472168,-4.693075180053711,4.074582099914551,38.627174377441406,-9.088419914245605,6.185859680175781,120.86424255371094,1.5345312356948853,2.8163645267486572,10.286694526672363,6.49349308013916,4.059084892272949,58.64161682128906,3.7200205326080322,3.174769878387451,23.917715072631836,-6.1272430419921875,3.8717596530914307,52.53363800048828,rest
sub_01_trial_031,sub_01,31,0.017187561839818954,2.7449021339416504,7.534783363342285,-2.930586338043213,1.9321725368499756,12.321626663208008,-6.167829990386963,3.077104330062866,47.51070022583008,0.9137617349624634,3.427400588989258,12.582036018371582,1.889830470085144,2.450427770614624,9.576056480407715,-5.090167999267578,3.6000759601593018,38.870357513427734,3.5723321437835693,2.9269368648529053,21.328516006469727,-0.9895134568214417,2.6597020626068115,8.053152084350586,move
sub_01_trial_032,sub_01,32,-4.751282215118408,2.980748414993286,31.459545135498047,-1.0953329801559448,2.4100911617279053,7.008295059204102,1.213392734527588,2.888073682785034,9.813289642333984,3.5327329635620117,4.555213928222656,33.23017120361328,2.2444448471069336,3.53908371925354,17.562644958496094,0.6741358041763306,2.5497822761535645,6.955848693847656,-4.2374958992004395,3.3782427310943604,29.368894577026367,0.9928390979766846,3.9291629791259766,16.42405128479004,move
sub_01_trial_033,sub_01,33,1.370335578918457,2.126622200012207,6.400341987609863,4.6620049476623535,3.947006940841675,37.31315612792969,-1.7101293802261353,2.9139962196350098,11.415916442871094,-0.4093104302883148,3.102060317993164,9.790314674377441,-6.744210243225098,4.629405975341797,66.915771484375,-4.659768104553223,3.150747776031494,31.640647888183594,0.786760151386261,2.32907772064209,6.043593883514404,-4.524667263031006,3.605532169342041,33.472476959228516,move
sub_01_trial_034,sub_01,34,-0.4201485514640808,2.4639265537261963,6.247458457946777,-6.733824253082275,4.133391380310059,62.42931365966797,-6.139709949493408,3.6733157634735107,51.18928909301758,-2.2849607467651367,4.7908148765563965,28.17295265197754,4.112008571624756,3.5829527378082275,29.746164321899414,0.8344596028327942,2.7237837314605713,8.115320205688477,4.991199970245361,4.386215686798096,44.150970458984375,-1.3871586322784424,2.8191168308258057,9.871628761291504,rest
sub_01_trial_035,sub_01,35,1.114162802696228,2.2386891841888428,6.253088474273682,2.3923652172088623,2.7085251808166504,13.059520721435547,0.8233914971351624,5.482369422912598,30.734350204467773,5.738208293914795,6.863619327545166,80.03630828857422,0.11586368083953857,3.289393424987793,10.833535194396973,-1.8764021396636963,3.5790212154388428,16.330276489257812,-4.71209192276001,3.5608737468719482,34.88363265991211,3.8969545364379883,4.879775524139404,38.99846649169922,rest
sub_01_trial_036,sub_01,36,-0.8764466047286987,2.3107481002807617,6.107715606689453,-1.6638703346252441,2.846998691558838,10.873865127563477,1.870235800743103,3.4649829864501953,15.503889083862305,-2.582137107849121,4.212326526641846,24.411128997802734,-0.6116759777069092,4.601466178894043,21.547636032104492,-2.656067132949829,3.1575849056243896,17.025033950805664,0.14351381361484528,2.4391794204711914,5.970191955566406,-0.5911660194396973,2.9504354000091553,9.054544448852539,rest
sub_01_trial_037,sub_01,37,-2.1593568325042725,2.416273832321167,10.501202583312988,-1.8174527883529663,1.9371670484542847,7.055750846862793,4.3539628982543945,4.541174411773682,39.57925796508789,0.17770813405513763,4.941333293914795,24.448354721069336,3.0293474197387695,3.6205735206604004,22.285497665405273,2.0740692615509033,4.088764190673828,21.01975440979004,-0.24670052528381348,2.210094690322876,4.94537878036499,0.9144884347915649,4.112327575683594,17.747528076171875,rest
sub_01_trial_038,sub_01,38,-0.24858926236629486,2.086934804916382,4.417093276977539,0.5190804600715637,2.493553638458252,6.487253189086914,-2.159381866455078,2.560601234436035,11.219609260559082,1.4725064039230347,3.3720333576202393,13.538885116577148,-1.1587409973144531,2.488647222518921,7.536046028137207,0.3931911587715149,2.8155429363250732,8.081880569458008,-0.7618478536605835,2.63999080657959,7.549964904785156,-1.5333186388015747,2.3907909393310547,8.066946983337402,move
sub_01_trial_039,sub_01,39,3.7470412254333496,4.061103820800781,30.532882690429688,-3.607943058013916,2.9539504051208496,21.743078231811523,-6.1688947677612305,4.646574020385742,59.645912170410156,-4.823856353759766,3.2082059383392334,33.562171936035156,-3.454238176345825,2.7512054443359375,19.500892639160156,-0.8180311322212219,3.485584259033203,12.818473815917969,4.7400078773498535,3.7620644569396973,36.62080764770508,-1.2221910953521729,2.9335544109344482,10.099492073059082,move
sub_02_trial_000,sub_02,0,-0.9631186127662659,1.7594873905181885,4.023393154144287,0.8483377695083618,1.6756755113601685,3.5275652408599854,-8.33882999420166,4.037787437438965,85.83982849121094,-5.789875030517578,4.966482639312744,58.188602447509766,-0.06365543603897095,3.5139222145080566,12.351700782775879,-1.5197025537490845,1.7185564041137695,5.262931823730469,0.9893649816513062,2.4370572566986084,6.918091773986816,-2.95678448677063,1.8977453708648682,12.344011306762695,rest
sub_02_trial_001,sub_02,1,-0.6497148275375366,1.8197919130325317,3.7337722778320312,0.07604654878377914,1.4663960933685303,2.1561005115509033,-3.739891290664673,4.145895004272461,31.17523193359375,-0.9635999798774719,3.1557230949401855,10.887113571166992,4.653933048248291,2.868217945098877,29.88576889038086,-0.6020721793174744,2.4106714725494385,6.173828601837158,2.9532053470611572,1.9862401485443115,12.666572570800781,-2.2105894088745117,1.709227204322815,7.808161735534668,move
sub_02_trial_002,sub_02,2,-0.15065588057041168,1.6631428003311157,2.78874135017395,0.9218786954879761,1.750889539718628,3.9154746532440186,-1.7150850296020508,3.6042966842651367,15.932470321655273,-3.1710593700408936,3.1999518871307373,20.29530906677246,-4.45158576965332,3.0836734771728516,29.32565689086914,-0.1645246297121048,2.1342499256134033,4.582090854644775,-0.6296324729919434,1.9969968795776367,4.384433746337891,-3.08270263671875,1.9031167030334473,13.124908447265625,move
sub_02_trial_003,sub_02,3,2.216036558151245,1.6954184770584106,7.785262107849121,3.202594757080078,2.755854606628418,17.85134506225586,2.9895284175872803,2.991905450820923,17.888776779174805,4.081729412078857,3.69334077835083,30.301280975341797,3.1660168170928955,3.8679161071777344,24.98443603515625,2.5101821422576904,2.587815761566162,12.997803688049316,1.0888512134552002,2.125807762145996,5.704655170440674,0.09697128087282181,1.8157597780227661,3.306386709213257,move
sub_02_trial_004,sub_02,4,-0.31729862093925476,2.0933191776275635,4.482664108276367,0.155302494764328,2.54099440574646,6.480772018432617,4.078728199005127,4.144242763519287,33.81077194213867,5.755568027496338,4.088852405548096,49.845279693603516,3.80883526802063,3.0268216133117676,23.668872833251953,1.7265229225158691,1.6892576217651367,5.834472179412842,-1.0588313341140747,1.8128163814544678,4.407426834106445,2.457493782043457,2.3147971630096436,11.397562026977539,rest
sub_02_trial_005,sub_02,5,3.027700662612915,2.1013758182525635,13.582751274108887,1.7516016960144043,1.7881392240524292,6.265550136566162,1.585267424583435,2.7360424995422363,9.999001502990723,-1.6620566844940186,3.368500232696533,14.109224319458008,1.3615251779556274,2.90212082862854,10.276054382324219,1.8897225856781006,2.932058334350586,12.168018341064453,4.889595031738281,3.5479884147644043,36.49636459350586,0.030132293701171875,1.876922607421875,3.5237460136413574,move
sub_02_trial_006,sub_02,6,0.5521638989448547,1.611287236213684,2.9011313915252686,1.81929349899292,2.0504958629608154,7.514362335205078,0.5559458136558533,3.437117338180542,12.122851371765137,-1.4904180765151978,2.7049758434295654,9.538240432739258,-1.080324411392212,2.86189603805542,9.357550621032715,-0.27788835763931274,1.5522464513778687,2.4866909980773926,3.04752254486084,1.7431830167770386,12.326080322265625,3.5248589515686035,2.911130666732788,20.89931297302246,move
sub_02_trial_007,sub_02,7,-1.8800933361053467,1.783618450164795,6.7160468101501465,-3.5897817611694336,3.107203245162964,22.54124641418457,-2.620006561279297,3.1819493770599365,16.989238739013672,1.426814317703247,3.8007259368896484,16.48131561279297,-0.8323755860328674,2.8935256004333496,9.065340042114258,-1.9242069721221924,2.2753050327301025,8.879586219787598,-2.8493447303771973,2.4314963817596436,14.030938148498535,2.05303955078125,2.125450372695923,8.732510566711426,move
sub_02_trial_008,sub_02,8,-0.7577082514762878,2.0589027404785156,4.81320333480835,3.0257837772369385,1.8122326135635376,12.439553260803223,-1.4318476915359497,4.062916278839111,18.55747413635254,-2.6632182598114014,3.7493133544921875,21.15008544921875,-4.389036655426025,4.233536243438721,37.18647003173828,-0.2112223207950592,1.8248227834701538,3.3745927810668945,-1.990566611289978,1.8154841661453247,7.258338928222656,-1.6910393238067627,2.0537357330322266,7.077444553375244,rest
sub_02_trial_009,sub_02,9,-1.513893961906433,2.1732184886932373,7.0147528648376465,0.03184114769101143,1.3559818267822266,1.8397005796432495,3.799984931945801,3.384533643722534,25.89495086669922,-0.2583729922771454,3.91253399848938,15.374679565429688,-2.5193910598754883,4.237569808959961,24.30432891845703,-0.3304983377456665,2.646754741668701,7.11453914642334,-2.491525173187256,2.391362190246582,11.926311492919922,0.1671101152896881,1.91622793674469,3.699855327606201,rest
sub_02_trial_010,sub_02,10,1.287999153137207,1.6278705596923828,4.30890417098999,0.09629321098327637,1.5370298624038696,2.3717334270477295,-0.5294357538223267,2.478548288345337,6.4235029220581055,1.3125882148742676,2.8545827865600586,9.871529579162598,0.49252715706825256,2.9761626720428467,9.100127220153809,0.6722590923309326,1.7873533964157104,3.646564483642578,-1.3221362829208374,1.9878625869750977,5.699642181396484,-1.358581781387329,1.956254005432129,5.672674179077148,move
sub_02_trial_011,sub_02,11,-2.7976021766662598,1.8499515056610107,11.248899459838867,1.0519185066223145,1.8749465942382812,4.621956825256348,0.6913599371910095,3.6256978511810303,13.623662948608398,-1.8950755596160889,3.0891788005828857,13.134337425231934,-2.0848114490509033,3.2827253341674805,15.122722625732422,-1.5825614929199219,1.6321725845336914,5.168488502502441,-2.2888236045837402,1.9350926876068115,8.983295440673828,0.4304194152355194,1.9142844676971436,3.849745988845825,rest
sub_02_trial_012,sub_02,12,4.094928741455078,1.816136121749878,20.06679344177246,4.288483619689941,1.8870012760162354,21.951866149902344,4.949394226074219,4.921965599060059,48.72224044799805,-0.04415130615234375,3.8114254474639893,14.528912544250488,-5.115472793579102,5.154537677764893,52.7373161315918,1.8314909934997559,1.6606316566467285,6.112056732177734,-1.4496712684631348,2.992753505706787,11.058119773864746,-0.763170599937439,2.3784873485565186,6.239630699157715,rest
sub_02_trial_013,sub_02,13,-2.0722177028656006,1.8399696350097656,7.679574966430664,-0.25385695695877075,1.5458974838256836,2.454242467880249,-1.4662554264068604,3.5634195804595947,14.847865104675293,-1.8384567499160767,3.4683780670166016,15.40956974029541,-4.136819362640381,3.5672969818115234,29.838882446289062,-0.09256032109260559,1.5356868505477905,2.3669016361236572,-1.8625967502593994,2.090430974960327,7.839168071746826,-1.4589775800704956,1.7551333904266357,5.209108352661133,move
sub_02_trial_014,sub_02,14,-0.12061522901058197,1.5788105726242065,2.507190704345703,1.3309086561203003,1.6663790941238403,4.548137664794922,2.8753647804260254,3.45378041267395,20.196319580078125,2.2450594902038574,4.0038652420043945,21.071226119995117,4.93644380569458,4.169478416442871,41.75303268432617,3.6512084007263184,2.499439001083374,19.57851791381836,6.1419525146484375,3.621828556060791,50.84122085571289,1.5236238241195679,2.3230416774749756,7.717953205108643,rest
sub_02_trial_015,sub_02,15,1.7571120262145996,2.5603418350219727,9.642792701721191,3.8171613216400146,1.7489396333694458,17.62950897216797,2.504657030105591,3.325634002685547,17.333148956298828,-0.6866024136543274,3.889998435974121,15.603510856628418,2.85426664352417,4.943553924560547,32.58556365966797,0.01519921887665987,2.356947422027588,5.5554327964782715,5.680387020111084,3.627185821533203,45.423274993896484,1.7985788583755493,2.7882883548736572,11.009437561035156,rest
sub_02_trial_016,sub_02,16,-2.2542076110839844,2.3143415451049805,10.437627792358398,-3.514310359954834,1.864791989326477,15.827825546264648,-1.3097429275512695,2.522852659225464,8.080211639404297,1.6275699138641357,2.849059581756592,10.766124725341797,1.4281774759292603,2.9550528526306152,10.772027015686035,-0.12701775133609772,1.4266141653060913,2.051361560821533,-0.9944334030151367,2.2577998638153076,6.0865583419799805,1.6063376665115356,2.1703879833221436,7.290905475616455,move
sub_02_trial_017,sub_02,17,-1.6675828695297241,2.0055387020111084,6.803019046783447,-1.7721596956253052,1.9471511840820312,6.931947708129883,-1.7929424047470093,3.6087429523468018,16.237668991088867,-5.458062648773193,3.9140830039978027,45.11048889160156,-4.186356067657471,3.8919637203216553,32.67295837402344,-3.1874289512634277,1.6713637113571167,12.953161239624023,-2.5108847618103027,2.112539052963257,10.767363548278809,0.5191212892532349,1.8855863809585571,3.824922800064087,move
sub_02_trial_018,sub_02,18,-0.5910653471946716,1.9388059377670288,4.108326435089111,3.5177738666534424,1.7570730447769165,15.462039947509766,0.7057955265045166,2.3428502082824707,5.987093925476074,-3.354551315307617,3.191514492034912,21.438779830932617,-2.7839527130126953,3.0880165100097656,17.286237716674805,-0.9893090724945068,2.0522336959838867,5.190395355224609,2.831479072570801,2.0956215858459473,12.408903121948242,1.7825583219528198,3.1215341091156006,12.921489715576172,move
sub_02_trial_019,sub_02,19,3.8497533798217773,2.1890125274658203,19.612375259399414,5.263732433319092,2.747612714767456,35.25625228881836,2.948112726211548,3.359959840774536,19.980697631835938,-2.302178144454956,3.2793021202087402,16.053848266601562,-1.600502848625183,3.2597899436950684,13.18783950805664,0.33987030386924744,1.7187625169754028,3.0696561336517334,-1.7518389225006104,2.085211992263794,7.417049407958984,-3.8031880855560303,2.18410062789917,19.234535217285156,move
sub_02_trial_020,sub_02,20,0.032248321920633316,1.870772123336792,3.500828504562378,-1.4079338312149048,2.33567476272583,7.437654495239258,-3.5025243759155273,3.1315736770629883,22.074432373046875,-2.171858787536621,3.709944009780884,18.480655670166016,2.1186604499816895,3.50669264793396,16.78561782836914,-1.2371351718902588,1.474114179611206,3.7035157680511475,1.917525053024292,1.902950644493103,7.298122882843018,-3.107741594314575,2.4392521381378174,15.608007431030273,move
sub_02_trial_021,sub_02,21,-1.8760122060775757,1.885934591293335,7.076170921325684,2.6088833808898926,2.397036075592041,12.55205249786377,2.056320905685425,4.032846927642822,20.492313385009766,-1.4531261920928955,3.4805846214294434,14.226044654846191,-2.125236749649048,2.603245496749878,11.293519020080566,-3.827501058578491,2.3992257118225098,20.406047821044922,-0.1343419849872589,1.9779547452926636,3.9303526878356934,6.251161575317383,3.00681734085083,48.11797332763672,rest
sub_02_trial_022,sub_02,22,0.7385038137435913,2.098299264907837,4.94824743270874,-0.850084125995636,1.5025966167449951,2.9804394245147705,-3.317345142364502,4.089869499206543,27.731813430786133,-3.3370883464813232,4.650417804718018,32.76254653930664,-4.602046966552734,3.703728675842285,34.896446228027344,-1.1816542148590088,1.6061571836471558,3.9760475158691406,-0.4029662609100342,1.692551612854004,3.0271127223968506,1.5011790990829468,1.8370380401611328,5.628247261047363,move
sub_02_trial_023,sub_02,23,2.5433809757232666,1.8560644388198853,9.913763046264648,-0.4600532352924347,1.827498197555542,3.551398515701294,1.297410249710083,2.546721935272217,8.169066429138184,3.4391860961914062,2.382456064224243,17.50409698486328,3.8136847019195557,2.45503830909729,20.57140350341797,0.6698703765869141,1.6321439743041992,3.1126201152801514,1.3537123203277588,2.047661066055298,6.025452136993408,1.2756600379943848,3.1210720539093018,11.368400573730469,move
sub_02_trial_024,sub_02,24,0.47957536578178406,1.9210985898971558,3.920612335205078,-0.6904053688049316,1.5224486589431763,2.794509172439575,-0.7705479860305786,3.217648506164551,10.947006225585938,4.0118021965026855,4.494391918182373,36.29412078857422,0.6359516382217407,3.9980790615081787,16.389070510864258,4.0766448974609375,3.025399923324585,25.772077560424805,1.5152941942214966,2.007261037826538,6.325213432312012,-2.26916241645813,1.799810767173767,8.38841724395752,rest
sub_02_trial_025,sub_02,25,-3.086364507675171,1.857546091079712,12.976122856140137,-0.882457971572876,1.4191811084747314,2.792807102203369,4.128279209136963,3.4464187622070312,28.920494079589844,2.5267205238342285,3.794098138809204,20.779497146606445,3.239893913269043,5.186300754547119,37.394630432128906,-0.7995509505271912,1.7305967807769775,3.634247064590454,1.1452045440673828,2.0492796897888184,5.511040687561035,4.843164920806885,2.7861032485961914,31.218616485595703,move
sub_02_trial_026,sub_02,26,0.15908776223659515,2.412048578262329,5.843286991119385,0.7573371529579163,1.7999187707901,3.8132669925689697,3.472886562347412,4.09661340713501,28.843183517456055,-0.716740608215332,2.8228838443756104,8.482390403747559,-3.209150552749634,3.4090611934661865,21.92034339904785,-2.635164499282837,2.159576416015625,11.607863426208496,-1.1903541088104248,2.0674753189086914,5.691397666931152,3.1814358234405518,2.5508103370666504,16.6281681060791,move
sub_02_trial_027,sub_02,27,-1.5754635334014893,1.6821174621582031,5.3116044998168945,3.38649320602417,1.9598071575164795,15.309181213378906,2.6655845642089844,3.5283377170562744,19.554506301879883,-6.322182655334473,4.533964157104492,60.52682876586914,-5.33667516708374,3.3846805095672607,39.93616485595703,-1.7384041547775269,1.897383451461792,6.622112274169922,-0.1477494239807129,1.9089299440383911,3.6658437252044678,2.1497294902801514,2.1587026119232178,9.281332969665527,rest
sub_02_trial_028,sub_02,28,-0.019340332597494125,2.472433567047119,6.1133012771606445,-2.5611329078674316,1.6326220035552979,9.224855422973633,-4.053483486175537,3.689126968383789,30.040386199951172,0.71958327293396,4.2742600440979,18.78710174560547,-2.0167596340179443,4.395670413970947,23.389238357543945,-1.2637848854064941,1.6130117177963257,4.198958873748779,-3.654632329940796,2.5938196182250977,20.084238052368164,-1.2887696027755737,2.7380611896514893,9.157906532287598,rest
sub_02_trial_029,sub_02,29,-0.1480649709701538,1.8239378929138184,3.34867262840271,-0.9099167585372925,1.612252950668335,3.4273083209991455,0.35805225372314453,3.283801555633545,10.911553382873535,5.014276504516602,3.151425838470459,35.07444381713867,2.5941407680511475,3.845236301422119,21.51540756225586,4.279265403747559,1.994149923324585,22.288745880126953,-0.019307861104607582,2.4696662425994873,6.099625110626221,1.4801775217056274,2.30243182182312,7.492117404937744,move
sub_02_trial_030,sub_02,30,-2.7383525371551514,2.759280204772949,15.112201690673828,3.993633508682251,2.2204978466033936,20.879718780517578,8.75182819366455,4.501680374145508,96.859619140625,5.069070816040039,3.075808525085449,35.15607833862305,0.519944965839386,2.5814568996429443,6.934261798858643,4.0250020027160645,2.1660947799682617,20.892608642578125,-0.2557835280895233,1.8842086791992188,3.6156675815582275,-1.0285956859588623,2.294710636138916,6.323705196380615,rest
sub_02_trial_031,sub_02,31,3.3348848819732666,2.1427571773529053,15.71286392211914,0.2821459472179413,1.5035027265548706,2.3401269912719727,-3.7156641483306885,4.227473258972168,31.677690505981445,0.45651453733444214,3.8208160400390625,14.807040214538574,4.100186824798584,4.115485191345215,33.74875259399414,-0.9346267580986023,1.8780821561813354,4.40071964263916,3.8669676780700684,2.3088319301605225,20.28414535522461,1.0134422779083252,1.658474087715149,3.777601480484009,rest
sub_02_trial_032,sub_02,32,4.234299659729004,2.0309112071990967,22.053897857666016,-1.6332588195800781,2.095709800720215,7.05953311920166,0.34626272320747375,3.366018533706665,11.449976921081543,-3.2817115783691406,4.99317741394043,35.701454162597656,0.26272690296173096,3.2968783378601074,10.938431739807129,-1.0660135746002197,2.6598665714263916,8.211275100708008,0.3890760540962219,1.6694446802139282,2.938425302505493,-0.31882762908935547,2.175057888031006,4.8325276374816895,rest
sub_02_trial_033,sub_02,33,3.6163687705993652,2.0319271087646484,17.206851959228516,-0.2771760821342468,1.8652613162994385,3.5560262203216553,-0.9137470722198486,3.7054319381713867,14.565159797668457,0.2865600883960724,2.429091453552246,5.982602119445801,-0.16002440452575684,2.604904890060425,6.8111371994018555,1.3260284662246704,1.8524134159088135,5.189786911010742,-1.1970926523208618,1.6387338638305664,4.1184797286987305,-2.109492778778076,2.0630033016204834,8.705940246582031,move
sub_02_trial_034,sub_02,34,-1.8430227041244507,2.420626401901245,9.256163597106934,-1.2684773206710815,1.4450266361236572,3.697136640548706,-8.294994354248047,3.8804116249084473,83.86451721191406,-2.3075954914093018,4.190187454223633,22.88266944885254,2.2590887546539307,4.493521213531494,25.29521369934082,1.3641856908798218,2.1755003929138184,6.593803882598877,1.0634019374847412,2.677854537963867,8.301728248596191,-2.2953131198883057,1.849143385887146,8.687793731689453,rest
sub_02_trial_035,sub_02,35,-1.6249858140945435,1.9821504354476929,6.5694990158081055,-2.530916690826416,1.7874746322631836,9.600605010986328,0.570016622543335,2.9270448684692383,8.892509460449219,-7.9971771240234375,4.581556797027588,84.94551849365234,-2.341003894805908,2.7548341751098633,13.06941032409668,0.14762328565120697,1.7728102207183838,3.1646487712860107,-0.01099395751953125,2.1016695499420166,4.417134761810303,-1.1598029136657715,2.000150680541992,5.34574556350708,rest
sub_02_trial_036,sub_02,36,-1.4617197513580322,1.7890472412109375,5.337314605712891,2.8490829467773438,2.1319313049316406,12.662405014038086,1.7112189531326294,4.074581623077393,19.530487060546875,-1.6418538093566895,4.497951984405518,22.927255630493164,-4.2510786056518555,4.002646446228027,34.09284973144531,-0.1724102795124054,2.057523012161255,4.263126373291016,-0.5999026894569397,1.9611163139343262,4.205860137939453,-0.7695326209068298,2.1870734691619873,5.3754706382751465,rest
sub_02_trial_037,sub_02,37,0.8587745428085327,1.60883367061615,3.3258392810821533,0.14734289050102234,1.6819145679473877,2.850546360015869,6.883825302124023,3.8357181549072266,62.099788665771484,9.356952667236328,5.47387170791626,117.5158462524414,1.3593969345092773,3.927917957305908,17.276498794555664,5.820317268371582,3.168816328048706,43.91749572753906,-1.0844943523406982,2.4682812690734863,7.268539905548096,0.55665123462677,2.2148020267486572,5.215209007263184,rest
sub_02_trial_038,sub_02,38,-2.6613821983337402,2.039677858352661,11.243240356445312,-2.3407933712005615,1.650486707687378,8.203420639038086,-2.1001791954040527,3.1882827281951904,14.575900077819824,3.749732494354248,3.951963424682617,29.678508758544922,4.770137786865234,3.0878326892852783,32.28892135620117,0.06275647133588791,1.5458834171295166,2.3936939239501953,0.11939094215631485,1.800477147102356,3.255972146987915,-1.8423055410385132,2.2796006202697754,8.590669631958008,move
sub_02_trial_039,sub_02,39,3.219038486480713,1.7323378324508667,13.363203048706055,-0.1101621687412262,1.4738091230392456,2.18424916267395,-1.6510560512542725,4.215459823608398,20.496089935302734,5.059510707855225,3.9100568294525146,40.887203216552734,10.758437156677246,5.583075523376465,146.91470336914062,2.256774425506592,2.3990318775177,10.848383903503418,4.391145706176758,2.44854998588562,25.277559280395508,-4.071681499481201,1.9544419050216675,20.398433685302734,rest
sub_03_trial_000,sub_03,0,5.080960750579834,3.585344076156616,38.67085266113281,8.532116889953613,4.695978164672852,94.84923553466797,5.8197431564331055,4.21495246887207,51.6352424621582,0.12659655511379242,4.1199421882629395,16.989946365356445,-0.5937210917472839,3.4531073570251465,12.27645492553711,-2.477959394454956,2.9833452701568604,15.040634155273438,-1.793502926826477,4.540045738220215,23.82866859436035,0.4086693227291107,2.904331922531128,8.602155685424805,move
sub_03_trial_001,sub_03,1,-4.657898902893066,3.202794313430786,31.953916549682617,4.33380651473999,6.962678909301758,67.26078033447266,-3.207339286804199,2.719149351119995,17.68079948425293,2.3435537815093994,3.924686908721924,20.89541244506836,1.0642619132995605,4.29941987991333,19.617664337158203,-0.21777905523777008,3.30383038520813,10.962722778320312,5.162214756011963,7.769696235656738,87.01663970947266,2.580435037612915,4.263823509216309,24.838838577270508,move
sub_03_trial_002,sub_03,2,1.1063175201416016,3.757873296737671,15.345550537109375,-2.3067195415496826,4.513691425323486,25.694364547729492,3.7055327892303467,2.8099353313446045,21.626708984375,-1.423756718635559,3.8026678562164307,16.48736572265625,6.361115455627441,4.7324628829956055,62.8599853515625,-5.806300640106201,3.2768733501434326,44.451026916503906,-5.733633041381836,7.608181476593018,90.75897979736328,-5.337567329406738,3.640735387802124,41.74458312988281,move
sub_03_trial_003,sub_03,3,-2.0016112327575684,3.256411075592041,14.610660552978516,-3.4081735610961914,7.70424747467041,70.97107696533203,-3.536450147628784,5.734132289886475,45.386756896972656,6.844600200653076,4.548664569854736,67.53888702392578,-0.75799560546875,5.0110015869140625,25.684696197509766,3.9469070434570312,4.566512107849121,36.43111801147461,13.981428146362305,6.935960292816162,243.5878448486328,-3.471876859664917,5.270508766174316,39.83219528198242,move
sub_03_trial_004,sub_03,4,1.0001777410507202,2.773468017578125,8.692480087280273,-0.8954070806503296,4.534883975982666,21.366926193237305,-1.7841545343399048,3.249100685119629,13.739861488342285,3.994974136352539,4.237382411956787,33.915225982666016,-1.142120122909546,3.2770087718963623,12.043225288391113,4.392050266265869,3.6236319541931152,32.420814514160156,7.856996059417725,7.1874470710754395,113.39178466796875,0.004260498099029064,4.10835599899292,16.878604888916016,move
sub_03_trial_005,sub_03,5,1.9629590511322021,2.539424180984497,10.301884651184082,0.7451696991920471,3.90969181060791,15.840967178344727,4.293126106262207,4.205741882324219,36.119197845458984,0.8780676126480103,3.515491008758545,13.129679679870605,-2.6103334426879883,3.6387135982513428,20.054079055786133,-3.383805274963379,4.995283603668213,36.402992248535156,-0.8791086673736572,6.163311958312988,38.75924301147461,-0.04176177829504013,3.6657543182373047,13.439499855041504,move
sub_03_trial_006,sub_03,6,10.367308616638184,5.352691173553467,136.1324005126953,10.203300476074219,4.814369201660156,127.28550720214844,0.7374899983406067,3.5887820720672607,13.423249244689941,-2.745978593826294,4.592933177947998,28.63542938232422,-2.6014506816864014,3.6621878147125244,20.17916488647461,6.287511825561523,3.922339916229248,54.91755294799805,-5.610766887664795,5.567652225494385,62.47945785522461,0.8488212823867798,3.2021970748901367,10.974564552307129,move
sub_03_trial_007,sub_03,7,3.6753339767456055,2.805973529815674,21.381567001342773,5.380249500274658,3.4479377269744873,40.835357666015625,6.491893768310547,4.894983291625977,66.10554504394531,-5.039517879486084,3.863755702972412,40.325347900390625,-8.364648818969727,3.984981060028076,85.84740447998047,-3.856174945831299,6.480313777923584,56.86455535888672,-5.207798957824707,4.794398307800293,50.10742950439453,2.2617359161376953,4.172307968139648,22.523605346679688,move
sub_03_trial_008,sub_03,8,-4.477187156677246,4.918497562408447,44.236820220947266,-4.665646553039551,7.6081461906433105,79.65213775634766,-1.2229684591293335,5.1389079093933105,27.904029846191406,-3.3226587772369385,3.6427552700042725,24.309728622436523,4.1583757400512695,6.19635534286499,55.68690872192383,-6.922178268432617,5.209039688110352,75.05064392089844,-8.604928970336914,6.684784412384033,118.73114776611328,-1.2247744798660278,3.4582202434539795,13.459359169006348,rest
sub_03_trial_009,sub_03,9,-0.6091382503509521,2.2550792694091797,5.456431865692139,1.965328335762024,3.872561454772949,18.85924530029297,-1.3171950578689575,3.9125876426696777,17.043346405029297,5.250518321990967,4.380007743835449,46.75241470336914,-6.421107292175293,4.87227201461792,64.96965789794922,7.6334733963012695,4.390997886657715,77.55078125,2.297236442565918,5.062489032745361,30.906091690063477,4.907792091369629,4.446374893188477,43.85667419433594,rest
sub_03_trial_010,sub_03,10,-0.818382978439331,4.163315296173096,18.00294303894043,-1.7835725545883179,3.420823335647583,14.883164405822754,-0.5362350940704346,3.5118026733398438,12.620306968688965,0.924763560295105,4.957580089569092,25.432785034179688,3.1266438961029053,3.094663381576538,19.35284423828125,-4.672441005706787,6.335443019866943,61.969539642333984,0.6661213040351868,5.409468173980713,29.70606231689453,-3.4038217067718506,3.3842926025390625,23.039438247680664,move
sub_03_trial_011,sub_03,11,4.716876029968262,2.5298125743865967,28.648866653442383,8.959450721740723,4.089404582977295,96.99498748779297,-1.0910929441452026,4.0161943435668945,17.32029914855957,-4.145099639892578,4.127779483795166,34.22041702270508,1.0218430757522583,3.5935254096984863,13.957588195800781,2.6340811252593994,3.547808885574341,19.52532958984375,-6.036400318145752,4.998055458068848,61.418678283691406,6.48850679397583,3.4919352531433105,54.294334411621094,rest
sub_03_trial_012,sub_03,12,-3.3396377563476562,2.449699640274048,17.15420913696289,-12.652375221252441,6.835949897766113,206.8127899169922,1.9341282844543457,3.7883830070495605,18.09269905090332,-0.9139401316642761,4.436252593994141,20.515623092651367,1.333743691444397,3.819550037384033,16.367834091186523,-4.992097854614258,3.095364570617676,34.5023193359375,-3.8855156898498535,4.7189435958862305,37.365665435791016,-7.200892448425293,3.9370715618133545,67.35338592529297,rest
sub_03_trial_013,sub_03,13,7.914545059204102,4.415711402893066,82.13853454589844,-5.0440874099731445,3.6826767921447754,39.004920959472656,1.828620195388794,3.5804193019866943,16.163253784179688,7.960330009460449,6.014047622680664,99.53561401367188,5.917963981628418,4.622040271759033,56.38554763793945,3.902595043182373,3.713353395462036,29.019241333007812,-0.4607357084751129,6.209803104400635,38.773929595947266,-7.165689468383789,5.593612194061279,82.63561248779297,rest
sub_03_trial_014,sub_03,14,0.516460657119751,2.4114797115325928,6.081965923309326,2.2716610431671143,4.023254871368408,21.347021102905273,4.430978775024414,3.835512638092041,34.344730377197266,3.230583429336548,4.030178070068359,26.679006576538086,-4.73747444152832,4.378085136413574,41.61129379272461,2.4620916843414307,3.3898212909698486,17.552785873413086,4.133065223693848,4.6580729484558105,38.77987289428711,2.377568244934082,3.6403753757476807,18.90516471862793,rest
sub_03_trial_015,sub_03,15,-3.291365146636963,3.316796064376831,21.83422088623047,-4.791470050811768,3.659846782684326,36.352664947509766,1.892416000366211,3.7702090740203857,17.79571533203125,-5.679142475128174,5.479472637176514,62.27729034423828,0.371892511844635,3.2788195610046387,10.888961791992188,6.598151206970215,4.407626152038574,62.96277618408203,6.729811191558838,5.726794242858887,78.08653259277344,-9.364106178283691,4.293758392333984,106.12285614013672,rest
sub_03_trial_016,sub_03,16,-3.0965957641601562,4.1056413650512695,26.445199966430664,-0.1437525600194931,6.235290050506592,38.899505615234375,3.918484687805176,2.820401191711426,23.309186935424805,-5.633232593536377,6.477802276611328,73.69523620605469,-7.323213577270508,4.158944129943848,70.92628479003906,-5.76616096496582,3.7012581825256348,46.94792556762695,0.7971225380897522,5.925964832305908,35.752464294433594,1.6308401823043823,3.1765639781951904,12.750197410583496,rest
sub_03_trial_017,sub_03,17,-1.9013313055038452,2.6844043731689453,10.821087837219238,0.6310654282569885,4.2847185134887695,18.757057189941406,2.5557262897491455,3.625649929046631,19.677074432373047,-4.665018081665039,3.966296434402466,37.49390411376953,-0.05385955795645714,3.463008403778076,11.995327949523926,-3.6399381160736084,4.558161735534668,34.02599334716797,-4.855822563171387,4.674554347991943,45.43047332763672,0.06255993992090225,3.3329880237579346,11.112722396850586,rest
sub_03_trial_018,sub_03,18,3.4828853607177734,3.2912790775299072,22.9630069732666,-2.0818469524383545,4.709649085998535,26.51487922668457,-2.296873092651367,3.3855550289154053,16.73760986328125,1.4412013292312622,4.74308443069458,24.573911666870117,1.1910321712493896,3.215710401535034,11.75935173034668,-0.33456653356552124,4.457143306732178,19.978057861328125,-1.2421411275863647,5.700237274169922,34.03561782836914,-2.022672414779663,3.4789063930511475,16.193992614746094,move
sub_03_trial_019,sub_03,19,3.308807611465454,2.6015729904174805,17.71639060974121,-3.7798471450805664,4.482310771942139,34.37835693359375,-0.3328246474266052,2.985592842102051,9.024535179138184,-6.575253009796143,6.533024311065674,85.91435241699219,0.6973063945770264,3.4286322593688965,12.241754531860352,4.1634955406188965,4.541203498840332,37.95722579956055,-9.035423278808594,5.584155559539795,112.82166290283203,-1.1860402822494507,3.586824655532837,14.272003173828125,rest
sub_03_trial_020,sub_03,20,4.752216815948486,4.719077110290527,44.85325241088867,0.45964953303337097,3.697672128677368,13.884058952331543,0.7792860865592957,2.922487735748291,9.148221015930176,1.693851351737976,3.646244764328003,16.164234161376953,0.9132656455039978,4.3150177001953125,19.453433990478516,2.8982431888580322,2.8675312995910645,16.622549057006836,-3.285245656967163,7.235147476196289,63.140193939208984,-2.387162685394287,3.1692917346954346,15.742953300476074,rest
sub_03_trial_021,sub_03,21,-1.658594012260437,2.6364190578460693,9.701641082763672,-2.55226469039917,4.214155197143555,24.273160934448242,4.135424613952637,3.6412813663482666,30.36066436767578,-3.0466017723083496,5.475324630737305,39.26095962524414,-6.3361921310424805,5.430473804473877,69.63737487792969,3.839054822921753,4.488325595855713,34.8834114074707,2.905834674835205,4.1623101234436035,25.76870346069336,3.3227028846740723,5.6199870109558105,42.62461853027344,rest
sub_03_trial_022,sub_03,22,1.7643989324569702,4.512390613555908,23.474773406982422,6.559950351715088,4.360914707183838,62.05052185058594,-5.982682704925537,3.7980027198791504,50.217315673828125,4.487298965454102,4.349298000335693,39.052242279052734,0.3022692799568176,4.2685089111328125,18.311534881591797,1.5375012159347534,3.3986387252807617,13.914657592773438,8.4079008102417,4.644127368927002,92.26070404052734,5.509557723999023,3.4958622455596924,42.57627868652344,rest
sub_03_trial_023,sub_03,23,-5.3651442527771,3.9700844287872314,44.54633712768555,-13.216875076293945,7.53143835067749,231.4083709716797,-2.0177993774414062,3.859161853790283,18.964645385742188,-5.223118305206299,4.771578788757324,50.04892349243164,-3.5322728157043457,4.7933125495910645,35.45279312133789,1.9880502223968506,4.2487382888793945,22.004119873046875,2.6327266693115234,7.444958686828613,62.35865783691406,-3.4050426483154297,3.6045713424682617,24.587251663208008,move
sub_03_trial_024,sub_03,24,-4.339107513427734,2.5270721912384033,25.213945388793945,-0.17019616067409515,4.090574741363525,16.761770248413086,-3.1388442516326904,4.213279724121094,27.604068756103516,0.7418324947357178,5.066486358642578,26.219600677490234,-9.562573432922363,6.478783130645752,133.4174346923828,10.414031028747559,7.695483684539795,167.67250061035156,4.118849754333496,8.639290809631348,91.6022720336914,7.26518440246582,4.937410354614258,77.16091918945312,move
sub_03_trial_025,sub_03,25,0.24263641238212585,2.5485334396362305,6.553895473480225,1.6825673580169678,3.3988213539123535,14.38301944732666,1.9270808696746826,3.215920925140381,14.055787086486816,-2.5152485370635986,3.9103353023529053,21.617197036743164,-3.0369420051574707,3.0511691570281982,18.53264808654785,2.9081883430480957,2.9982101917266846,17.44682502746582,0.585565984249115,4.685657501220703,22.29827308654785,1.334316372871399,3.026559352874756,10.940462112426758,move
sub_03_trial_026,sub_03,26,-2.8266773223876953,5.573340892791748,39.05223083496094,-13.015603065490723,8.080306053161621,234.6973114013672,5.767185211181641,3.5677740573883057,45.989437103271484,3.593783140182495,4.503204345703125,33.194129943847656,6.610737323760986,5.391387939453125,72.7689208984375,-5.0336384773254395,5.456158638000488,55.1071891784668,-1.538009762763977,4.318587779998779,21.015674591064453,-8.351202011108398,4.000958442687988,85.750244140625,rest
sub_03_trial_027,sub_03,27,0.7390868067741394,3.3278138637542725,11.62059497833252,-5.670175552368164,3.9536657333374023,47.78236770629883,-5.687483787536621,2.9722087383270264,41.18149948120117,-5.635044574737549,3.9428703784942627,47.29995346069336,9.720705032348633,5.023137092590332,119.72401428222656,4.1662917137146,3.745925188064575,31.38994026184082,-4.470959663391113,5.144874572753906,46.45920181274414,-9.005722045898438,4.9135308265686035,105.24579620361328,move
sub_03_trial_028,sub_03,28,3.5449118614196777,2.8954379558563232,20.949960708618164,-0.9235670566558838,4.273492813110352,19.115713119506836,5.983901500701904,3.9704458713531494,51.57151412963867,-2.737379550933838,3.8548221588134766,22.3528995513916,3.7775728702545166,3.233797550201416,24.727502822875977,-1.4226948022842407,3.6635172367095947,15.445420265197754,-5.954861164093018,3.8369786739349365,50.18277359008789,-8.98287582397461,4.446229457855225,100.46101379394531,rest
sub_03_trial_029,sub_03,29,-2.1440370082855225,2.881391763687134,12.899314880371094,-0.9790732860565186,3.7295892238616943,14.868419647216797,-1.3538684844970703,3.1508805751800537,11.76101016998291,-3.2249596118927,5.150393009185791,36.92691421508789,0.2193519026041031,3.2661290168762207,10.715713500976562,-0.8437597155570984,3.0115365982055664,9.78128433227539,3.011763572692871,4.341139793395996,27.916217803955078,0.7926928997039795,3.2735278606414795,11.344346046447754,rest
sub_03_trial_030,sub_03,30,-3.059903383255005,2.9443650245666504,18.03229331970215,-6.93768835067749,4.820823669433594,71.37185668945312,0.24807965755462646,3.02993106842041,9.242026329040527,-7.866590976715088,4.764959812164307,84.58808898925781,0.5210107564926147,2.9525153636932373,8.988800048828125,-0.6369559168815613,3.5364909172058105,12.912480354309082,-3.268113374710083,5.076540470123291,36.45182800292969,-5.351518630981445,3.8159303665161133,43.2000732421875,rest
sub_03_trial_031,sub_03,31,-0.755264163017273,3.256366491317749,11.174347877502441,-3.6736867427825928,4.213852882385254,31.252532958984375,2.9475457668304443,3.521874189376831,21.091625213623047,-2.0254130363464355,3.5274202823638916,16.544992446899414,-2.4505014419555664,4.242018222808838,23.999679565429688,1.989923357963562,2.833745002746582,11.989906311035156,8.77396297454834,7.877589702606201,139.0388641357422,-6.884506702423096,4.672662734985352,69.23021697998047,move
sub_03_trial_032,sub_03,32,-5.509977340698242,2.4595818519592285,36.409393310546875,5.49345064163208,4.414041519165039,49.661766052246094,5.80754280090332,3.7367303371429443,47.690711975097656,8.989263534545898,6.839050769805908,127.57948303222656,-9.723812103271484,5.751292705535889,127.62991333007812,-1.2206196784973145,2.985077381134033,10.400599479675293,10.851540565490723,7.590586185455322,175.37295532226562,8.846199989318848,5.077367305755615,104.03492736816406,rest
sub_03_trial_033,sub_03,33,0.42935875058174133,3.4979355335235596,12.419899940490723,1.3518065214157104,3.7322919368743896,15.7573823928833,0.7980888485908508,4.9228739738464355,24.87163543701172,-3.0646800994873047,4.284224510192871,27.746843338012695,-4.346102237701416,3.4835257530212402,31.0235538482666,6.816586494445801,3.951761245727539,62.0822639465332,-1.0832512378692627,6.81609582901001,47.632598876953125,-0.3123612105846405,3.160464286804199,10.086103439331055,rest
sub_03_trial_034,sub_03,34,8.223433494567871,3.5940191745758057,80.5418472290039,2.661712884902954,4.278075695037842,25.386648178100586,2.6307311058044434,3.872591495513916,21.917715072631836,0.23077392578125,3.7774746417999268,14.322569847106934,-2.7247958183288574,3.0133635997772217,16.504871368408203,6.508939266204834,3.7466330528259277,56.4035530090332,-1.6408442258834839,4.772975921630859,25.473669052124023,-0.5156610608100891,3.283484697341919,11.0471773147583,move
sub_03_trial_035,sub_03,35,2.7749648094177246,3.9351577758789062,23.185894012451172,-2.0707788467407227,4.2289581298828125,22.172210693359375,5.3518757820129395,4.9438629150390625,53.084354400634766,-3.3275182247161865,3.82098388671875,25.67229652404785,7.13915491104126,3.574489116668701,63.744503021240234,-5.100612163543701,3.267077922821045,36.69004821777344,-6.228893756866455,4.617854595184326,60.123695373535156,-8.448009490966797,3.7606358528137207,85.51123809814453,move
sub_03_trial_036,sub_03,36,0.5217785239219666,3.157059907913208,10.239279747009277,-6.2794599533081055,4.410512447357178,58.884239196777344,2.155444860458374,3.7798595428466797,18.93328094482422,3.7174179553985596,3.60978364944458,26.849735260009766,3.0678534507751465,3.4219677448272705,21.12158966064453,-5.776841640472412,4.536882400512695,53.955196380615234,1.8244943618774414,5.232365608215332,30.70642852783203,-6.46077823638916,3.421114921569824,53.445682525634766,move
sub_03_trial_037,sub_03,37,1.3693761825561523,2.480211019515991,8.02663803100586,0.4039178788661957,3.4736204147338867,12.229188919067383,4.124976634979248,2.996030330657959,25.99162483215332,8.68026351928711,5.882346153259277,109.94896697998047,-2.2611637115478516,3.3022513389587402,16.017724990844727,-2.2732138633728027,3.071777820587158,14.603320121765137,7.331672191619873,5.510662078857422,84.12081146240234,-2.7361562252044678,3.864818811416626,22.42337417602539,move
sub_03_trial_038,sub_03,38,-4.923526287078857,2.9174623489379883,32.75270080566406,-12.720708847045898,5.214361667633057,189.0060272216797,1.2128193378448486,3.87294340133667,16.47062110900879,-2.5511257648468018,3.582756996154785,19.344390869140625,7.375586986541748,3.6163206100463867,67.47705841064453,-2.2434728145599365,3.8215129375457764,19.63713264465332,2.3106467723846436,4.3255743980407715,24.049680709838867,-13.72008991241455,6.127119541168213,225.78245544433594,move
sub_03_trial_039,sub_03,39,-3.3229308128356934,3.1651084423065186,21.059783935546875,1.1404343843460083,4.706454277038574,23.4512996673584,-0.008200470358133316,2.9646737575531006,8.78935718536377,0.09511839598417282,3.8930325508117676,15.164750099182129,-7.401864051818848,3.789614677429199,69.1487808227539,2.2711939811706543,3.5955827236175537,18.086536407470703,3.995887517929077,5.162325859069824,42.61672592163086,6.300877094268799,4.956756114959717,64.2704849243164,rest
sub_04_trial_000,sub_04,0,-2.3899941444396973,2.6393637657165527,12.678312301635742,0.5819106698036194,2.898198366165161,8.738175392150879,3.370493173599243,2.356454372406006,16.913101196289062,0.4686892628669739,3.6838061809539795,13.7900972366333,2.563567876815796,2.8565402030944824,14.731700897216797,1.8943692445755005,1.963043451309204,7.442174434661865,2.6472837924957275,2.224278211593628,11.955523490905762,0.017507323995232582,2.9519104957580566,8.714081764221191,move
sub_04_trial_001,sub_04,1,-2.1737329959869385,2.0898795127868652,9.092710494995117,5.054492950439453,3.3296749591827393,36.6346321105957,4.493754863739014,2.399925708770752,25.953475952148438,3.348214626312256,2.8153769969940186,19.13688850402832,-4.243011951446533,2.633837938308716,24.940248489379883,-0.7901549935340881,1.857607126235962,4.07504940032959,-2.5999717712402344,2.0547382831573486,10.981801986694336,1.9468556642532349,3.1908340454101562,13.971670150756836,move
sub_04_trial_002,sub_04,2,2.33862042427063,1.8678061962127686,8.957845687866211,4.688590049743652,6.9601569175720215,70.4266586303711,3.4049599170684814,5.337491989135742,40.08256912231445,6.207165241241455,6.043210029602051,75.04928588867188,-2.0362935066223145,3.615798234939575,17.22048568725586,-1.8919461965560913,2.8383712768554688,11.635812759399414,-1.568833351135254,2.739044666290283,9.963603973388672,-2.9511117935180664,3.8482370376586914,23.517988204956055,rest
sub_04_trial_003,sub_04,3,1.2455456256866455,2.4374802112579346,7.492693901062012,-2.7084476947784424,3.3631348609924316,18.646364212036133,-1.6148220300674438,2.993880271911621,11.570967674255371,1.5766515731811523,3.1471948623657227,12.390666007995605,4.279414176940918,3.3501486778259277,29.536882400512695,-0.6713425517082214,1.8302652835845947,3.800572156906128,3.339315176010132,2.4788882732391357,17.295913696289062,3.501051187515259,3.120746374130249,21.99641990661621,rest
sub_04_trial_004,sub_04,4,5.369782447814941,2.7893495559692383,36.61503219604492,5.630476474761963,2.9852287769317627,40.613853454589844,6.82644510269165,3.6934475898742676,60.241905212402344,7.513596534729004,3.951059579849243,72.06500244140625,-2.8417575359344482,2.883755683898926,16.391633987426758,0.032742127776145935,2.6691389083862305,7.1253743171691895,-3.7556259632110596,2.118932008743286,18.59459686279297,1.8260002136230469,3.98209810256958,19.191383361816406,rest
sub_04_trial_005,sub_04,5,0.9382919669151306,2.1895675659179688,5.67459774017334,-5.015191555023193,3.2126824855804443,35.47347640991211,-2.070668935775757,2.790663003921509,12.075469017028809,-3.248607873916626,3.1516664028167725,20.486454010009766,-2.9241976737976074,2.902998208999634,16.978330612182617,2.005810499191284,1.9129725694656372,7.6827392578125,-0.3665655255317688,2.5734686851501465,6.757111549377441,3.2263693809509277,2.7705600261688232,18.08546257019043,move
sub_04_trial_006,sub_04,6,1.767562747001648,2.086324453353882,7.477027416229248,-3.803417205810547,2.9337263107299805,23.072731018066406,-3.4854464530944824,2.2812869548797607,17.352609634399414,-0.5772086381912231,2.614124298095703,7.166815757751465,6.053017616271973,2.363205671310425,42.2237663269043,0.2942824065685272,1.562696099281311,2.5286216735839844,4.222543716430664,1.8895505666732788,21.400278091430664,-0.8574550747871399,2.870706796646118,8.976186752319336,move
sub_04_trial_007,sub_04,7,0.9732662439346313,1.85196852684021,4.377034664154053,1.5803147554397583,3.135127544403076,12.326419830322266,2.463425636291504,2.7459495067596436,13.608702659606934,-3.523308753967285,2.7766222953796387,20.123336791992188,-4.5886335372924805,4.594703674316406,42.16685485839844,0.9564717411994934,1.9549914598464966,4.736830234527588,2.4079065322875977,2.1007306575775146,10.211084365844727,-3.0796396732330322,3.205289363861084,19.758060455322266,move
sub_04_trial_008,sub_04,8,2.474604845046997,3.7360055446624756,20.081405639648438,-2.2738900184631348,3.163832187652588,15.18040943145752,-1.4172437191009521,3.2461130619049072,12.545828819274902,-1.1819934844970703,3.3566396236419678,12.664138793945312,2.50738263130188,2.5539798736572266,12.80978012084961,0.32856062054634094,2.088519334793091,4.469864845275879,3.1746294498443604,2.2137911319732666,14.979142189025879,-5.874237537384033,3.5952184200286865,47.4322624206543,rest
sub_04_trial_009,sub_04,9,-3.5804643630981445,3.4151132106781006,24.482725143432617,9.178269386291504,4.466175079345703,104.18736267089844,4.239052772521973,2.85017466545105,26.093063354492188,4.458043098449707,2.8973641395568848,28.268863677978516,-7.345234394073486,4.363224506378174,72.99018859863281,0.4506794512271881,1.9537458419799805,4.020235061645508,-6.516020774841309,3.8553717136383057,57.32242202758789,-3.0220537185668945,2.8411638736724854,17.205018997192383,move
sub_04_trial_010,sub_04,10,-2.6497912406921387,2.586125612258911,13.709437370300293,-0.46207067370414734,3.373197555541992,11.591970443725586,1.6338623762130737,2.7715988159179688,10.351266860961914,-3.802884340286255,3.5605039596557617,27.139118194580078,-5.3341450691223145,2.7943499088287354,36.26149368286133,2.6344947814941406,3.3793904781341553,18.360843658447266,-1.2628052234649658,1.961409330368042,5.441803455352783,-0.14475829899311066,3.8952348232269287,15.193808555603027,rest
sub_04_trial_011,sub_04,11,2.1459572315216064,2.062959909439087,8.860937118530273,-2.1880362033843994,3.565779209136963,17.50228500366211,0.6219415664672852,2.8903677463531494,8.741037368774414,-4.165344715118408,3.3340277671813965,28.465837478637695,-0.40396344661712646,3.448349952697754,12.054303169250488,1.753282904624939,2.023108959197998,7.166970729827881,-6.449370861053467,4.532658576965332,62.139373779296875,5.836644649505615,4.018643379211426,50.215919494628906,rest
sub_04_trial_012,sub_04,12,-2.6055307388305664,2.198248863220215,11.621088027954102,0.5445763468742371,2.9518325328826904,9.009878158569336,1.1613256931304932,2.1736838817596436,6.073578357696533,-3.046116352081299,2.6677870750427246,16.39591407775879,-4.348365306854248,3.3729054927825928,30.28476905822754,-0.4121418595314026,2.104085922241211,4.597038269042969,-5.324548721313477,3.461940288543701,40.335845947265625,3.088974714279175,3.126513957977295,19.316850662231445,move
sub_04_trial_013,sub_04,13,-2.2405929565429688,2.136387825012207,9.5844087600708,4.787779331207275,3.563657283782959,35.622474670410156,-0.5671966671943665,3.27449369430542,11.044021606445312,-0.14666473865509033,3.5662925243377686,12.739953994750977,-1.302205204963684,2.87186336517334,9.943337440490723,-2.0192489624023438,2.0732786655426025,8.37585163116455,-0.8227439522743225,2.703270196914673,7.98457670211792,1.5803645849227905,2.5668184757232666,9.086109161376953,rest
sub_04_trial_014,sub_04,14,-0.7513917088508606,2.0446202754974365,4.745060920715332,-5.724130630493164,5.22162389755249,60.03103256225586,-4.716980934143066,3.799299478530884,36.68458557128906,-0.2939688563346863,3.168933391571045,10.128556251525879,0.61745685338974,3.228224515914917,10.802685737609863,3.4561331272125244,3.716418743133545,25.756620407104492,-3.77461576461792,2.6583328247070312,21.314456939697266,3.5902318954467773,3.2020275592803955,23.142745971679688,rest
sub_04_trial_015,sub_04,15,1.7700718641281128,2.289127826690674,8.373260498046875,-5.667229652404785,2.965773582458496,40.91330337524414,-3.45938777923584,2.297173261642456,17.244367599487305,3.1383602619171143,2.5909583568573,16.56237030029297,0.996701180934906,2.335696220397949,6.448890686035156,5.32362174987793,2.3253207206726074,33.74806213378906,1.4333579540252686,2.327669382095337,7.472559928894043,0.17740805447101593,3.182779550552368,10.161561012268066,move
sub_04_trial_016,sub_04,16,-2.025656223297119,2.13675856590271,8.669020652770996,4.57489538192749,3.9289801120758057,36.366554260253906,4.926105976104736,3.350914716720581,35.495147705078125,0.20372143387794495,2.611088991165161,6.859287261962891,-4.173609256744385,3.6807100772857666,30.96664047241211,1.507099986076355,2.141613483428955,6.8578596115112305,-2.9363880157470703,3.0325653553009033,17.81882667541504,1.0097651481628418,3.1672263145446777,11.050947189331055,move
sub_04_trial_017,sub_04,17,-0.41695451736450195,2.9345974922180176,8.785715103149414,3.082382917404175,4.398526191711426,28.84811782836914,-4.681118965148926,2.8598945140838623,30.09187126159668,-3.090390205383301,2.5447256565093994,16.026140213012695,-2.849679470062256,2.559563636779785,14.672039031982422,-5.025354385375977,3.919891834259033,40.61974334716797,2.051240921020508,2.419224739074707,10.060236930847168,-0.5804865956306458,3.419919729232788,12.032815933227539,move
sub_04_trial_018,sub_04,18,1.7319036722183228,2.884812831878662,11.321637153625488,-0.46095263957977295,3.478874921798706,12.315048217773438,2.842101573944092,3.437673330307007,19.895137786865234,2.6112139225006104,3.6317381858825684,20.00796127319336,-1.3501759767532349,2.8591315746307373,9.997607231140137,4.089470386505127,2.468693494796753,22.818214416503906,-1.0021388530731201,2.417344808578491,6.847837924957275,-0.8379008769989014,4.183335781097412,18.202373504638672,rest
sub_04_trial_019,sub_04,19,6.488465309143066,3.7233285903930664,55.963356018066406,-5.6837286949157715,4.291613578796387,50.72270584106445,-7.934981346130371,5.11616325378418,89.13904571533203,-5.8478593826293945,3.736314058303833,48.15750503540039,-0.0847947970032692,2.9602255821228027,8.770125389099121,-5.053224086761475,2.4570541381835938,31.572189331054688,1.9408413171768188,2.9260623455047607,12.328704833984375,1.2091974020004272,2.4742655754089355,7.584147930145264,rest
sub_04_trial_020,sub_04,20,1.1280405521392822,1.8341635465621948,4.636631488800049,-5.996870994567871,3.7812113761901855,50.26002502441406,-1.2850271463394165,2.76657772064209,9.305248260498047,0.05790512263774872,2.992794990539551,8.960174560546875,0.36325550079345703,2.92386531829834,8.68094253540039,5.03883695602417,2.725900650024414,32.820411682128906,-1.1625566482543945,2.815568447113037,9.278964042663574,1.9979995489120483,2.6783833503723145,11.165740013122559,rest
sub_04_trial_021,sub_04,21,-2.283120632171631,1.9724984169006348,9.10339069366455,7.014387130737305,3.7638795375823975,63.36841583251953,4.536971092224121,3.4689013957977295,32.61738204956055,0.19191817939281464,2.368403911590576,5.646169662475586,-5.068960189819336,3.893697500228882,40.8552360534668,0.2635408937931061,2.9875738620758057,8.995051383972168,0.8087890148162842,2.288083076477051,5.889463901519775,-9.344437599182129,4.9368577003479,111.69107818603516,move
sub_04_trial_022,sub_04,22,3.439072847366333,2.341583251953125,17.31023406982422,7.2062087059021,3.3584866523742676,63.2088737487793,3.2490041255950928,2.6107277870178223,17.37192726135254,2.963980197906494,2.8681480884552,17.01145362854004,-6.883708953857422,3.1389944553375244,57.23874282836914,-1.1462156772613525,1.8765283823013306,4.835169315338135,-2.2306602001190186,2.3384616374969482,10.44424819946289,-3.7108161449432373,3.035191059112549,22.9825382232666,move
sub_04_trial_023,sub_04,23,0.41639354825019836,1.6535531282424927,2.907621383666992,0.09494946151971817,3.051398277282715,9.320046424865723,1.6683263778686523,2.2960848808288574,8.055318832397461,4.978354454040527,3.1677446365356445,34.818626403808594,1.0292575359344482,2.832953929901123,9.085000038146973,0.7228273749351501,1.7098113298416138,3.4459340572357178,0.7901227474212646,1.8431739807128906,4.021584987640381,-6.280858993530273,4.242791175842285,57.450469970703125,move
sub_04_trial_024,sub_04,24,3.535184860229492,3.060974359512329,21.867097854614258,-4.229977130889893,6.5183610916137695,60.38172912597656,2.3371174335479736,2.6000962257385254,12.222618103027344,0.5627599358558655,3.077174425125122,9.785701751708984,0.5630096793174744,3.220353603363037,10.68765640258789,3.396805763244629,3.741398811340332,25.53635597229004,-0.24470138549804688,2.079721450805664,4.385120391845703,3.739835739135742,5.516890048980713,44.422447204589844,move
sub_04_trial_025,sub_04,25,3.9440956115722656,2.048159599304199,19.75084686279297,5.348485946655273,4.273716449737549,46.87095260620117,1.6297824382781982,2.2534146308898926,7.734068393707275,3.851943254470825,2.9978737831115723,23.82471466064453,-3.7223665714263916,3.515220880508423,26.21278953552246,-1.8687371015548706,2.654160499572754,10.536746978759766,-3.870814800262451,3.602471113204956,27.96100425720215,-0.476632297039032,2.647000551223755,7.233790874481201,move
sub_04_trial_026,sub_04,26,-2.729001045227051,2.8627798557281494,15.642956733703613,3.110456943511963,2.635075330734253,16.61856460571289,2.4739511013031006,2.759028434753418,13.732672691345215,-0.4030299186706543,2.276811122894287,5.346301555633545,-4.601870536804199,2.6618120670318604,28.262453079223633,0.7074596881866455,1.6499613523483276,3.222872018814087,-3.8310890197753906,2.214855670928955,19.582828521728516,4.907244682312012,2.998917818069458,33.07455825805664,move
sub_04_trial_027,sub_04,27,1.5289405584335327,2.434131383895874,8.262655258178711,-6.4169416427612305,5.772130012512207,74.49461364746094,-1.0311713218688965,3.420332193374634,12.761985778808594,2.284806251525879,3.0669147968292236,14.626306533813477,5.521924018859863,3.6926639080047607,44.127410888671875,4.623878002166748,3.5756113529205322,34.16524124145508,2.6310412883758545,2.3216896057128906,12.312620162963867,2.5455448627471924,3.7276251316070557,20.374988555908203,rest
sub_04_trial_028,sub_04,28,1.6204228401184082,2.0582635402679443,6.862219333648682,1.841690182685852,3.43153715133667,15.167269706726074,-1.3844687938690186,2.577009916305542,8.557733535766602,-1.2798296213150024,4.70319938659668,23.758045196533203,3.1361067295074463,3.593319892883301,22.747112274169922,-3.3377206325531006,2.0482592582702637,15.335744857788086,0.8266595602035522,2.430040121078491,6.588460922241211,-3.991447925567627,3.006408452987671,24.97014617919922,move
sub_04_trial_029,sub_04,29,-0.5893288850784302,1.7686835527420044,3.4755494594573975,-2.010986089706421,3.650477647781372,17.370052337646484,-2.5119378566741943,3.874291181564331,21.319963455200195,-0.5509564280509949,2.7781288623809814,8.021553039550781,1.4375523328781128,3.3352603912353516,13.190518379211426,-3.898979425430298,1.9298570156097412,18.926389694213867,4.1961212158203125,2.7480263710021973,25.15907859802246,-0.15369704365730286,2.467430830001831,6.111837387084961,rest
sub_04_trial_030,sub_04,30,1.9824624061584473,2.11667537689209,8.41047191619873,-0.9009822607040405,3.074974536895752,10.267236709594727,2.7901432514190674,3.551572322845459,20.39856719970703,1.4831064939498901,3.414626121520996,13.85927677154541,-1.1754623651504517,2.661541223526001,8.4655122756958,1.4982632398605347,1.7052019834518433,5.152506351470947,2.7735915184020996,2.9497573375701904,16.393878936767578,-5.804656028747559,4.838944911956787,57.10942459106445,rest
sub_04_trial_031,sub_04,31,1.1531293392181396,2.9139797687530518,9.820985794067383,-4.003441333770752,4.485958099365234,36.1513671875,1.7249089479446411,2.9762306213378906,11.833259582519531,3.981905698776245,3.623321533203125,28.98403549194336,3.8991377353668213,4.278907775878906,33.51232147216797,2.978940963745117,2.1304497718811035,13.412904739379883,1.8932846784591675,2.8278703689575195,11.581378936767578,-3.1157445907592773,2.4886558055877686,15.90127182006836,rest
sub_04_trial_032,sub_04,32,-2.4692602157592773,2.554443836212158,12.622427940368652,1.645496129989624,3.391047477722168,14.20686149597168,3.4871408939361572,3.506040096282959,24.45246696472168,3.734980583190918,4.351841449737549,32.88860321044922,2.150660991668701,2.9843902587890625,13.531928062438965,0.9332670569419861,2.1374669075012207,5.439752578735352,1.2366582155227661,2.0484161376953125,5.725332260131836,-1.2386823892593384,4.790024280548096,24.47866439819336,rest
sub_04_trial_033,sub_04,33,-3.523160696029663,2.2254669666290283,17.36536407470703,4.085432529449463,3.2326924800872803,27.141061782836914,0.06795510649681091,3.1322977542877197,9.81590747833252,-0.7214403748512268,3.641125202178955,13.778268814086914,-2.2124874591827393,2.8520407676696777,13.029237747192383,-1.1547797918319702,2.2687408924102783,6.480701446533203,-4.308597564697266,3.071829080581665,28.000150680541992,1.5215855836868286,3.1096901893615723,11.985396385192871,rest
sub_04_trial_034,sub_04,34,-0.9843095541000366,1.7612398862838745,4.070831775665283,1.621990442276001,3.8889477252960205,17.7547664642334,2.159278154373169,3.489898443222046,16.841873168945312,2.6798205375671387,3.4177932739257812,18.862749099731445,-1.0485774278640747,2.909806966781616,9.566490173339844,3.014277935028076,2.352322816848755,14.61929702758789,-2.5990889072418213,2.0511412620544434,10.962443351745605,2.412764072418213,3.5425198078155518,18.37087631225586,rest
sub_04_trial_035,sub_04,35,-0.6033944487571716,2.538839101791382,6.809790134429932,-1.8822458982467651,4.715529441833496,25.77906608581543,-1.3329851627349854,2.917482376098633,10.288553237915039,-1.8021817207336426,2.3989675045013428,9.00290298461914,4.953571319580078,2.6140832901000977,31.371294021606445,-0.4811854362487793,3.1548497676849365,10.184616088867188,7.147446632385254,2.911269426345825,59.56148910522461,-0.8143559694290161,3.0613346099853516,10.034944534301758,move
sub_04_trial_036,sub_04,36,1.790628433227539,2.051450490951538,7.414799690246582,1.8540427684783936,4.463390827178955,23.359331130981445,-2.580298662185669,3.232509136199951,17.107057571411133,-1.950022578239441,2.5650486946105957,10.382063865661621,-1.2753489017486572,2.3369412422180176,7.087808609008789,-1.772302508354187,2.930947780609131,11.731512069702148,0.9989145994186401,2.8017308712005615,8.847527503967285,-3.6908199787139893,5.191629886627197,40.575172424316406,move
sub_04_trial_037,sub_04,37,0.0765766128897667,1.8057411909103394,3.2665648460388184,1.0876485109329224,2.992236614227295,10.136459350585938,1.1376745700836182,2.9034156799316406,9.724124908447266,0.041467126458883286,2.8341970443725586,8.034392356872559,-3.3519997596740723,3.0250351428985596,20.386737823486328,0.925014078617096,1.6960545778274536,3.732252359390259,0.8193234801292419,2.162294864654541,5.3468098640441895,-0.580967128276825,2.8875253200531006,8.675325393676758,rest
sub_04_trial_038,sub_04,38,-1.8672996759414673,2.306809186935425,8.808177947998047,-0.14493869245052338,2.5804872512817383,6.679922103881836,-2.7475016117095947,2.9908533096313477,16.493968963623047,-4.275949478149414,3.92631459236145,33.69968795776367,3.403311252593994,2.5031943321228027,17.848506927490234,-1.4439704418182373,2.2630209922790527,7.206315040588379,3.7940869331359863,2.5871660709381104,21.088523864746094,-3.728762626647949,2.7531797885894775,21.483671188354492,move
sub_04_trial_039,sub_04,39,-2.849886894226074,2.5734331607818604,14.744412422180176,5.470537185668945,3.2878994941711426,40.737064361572266,0.7932063937187195,3.1375203132629395,10.473209381103516,0.06232480704784393,2.636993169784546,6.95761775970459,-5.649838924407959,3.74106764793396,45.916263580322266,-2.411186933517456,2.100346088409424,10.225275039672852,-1.519370675086975,2.439460277557373,8.259452819824219,-0.4809081554412842,2.5956122875213623,6.968475818634033,rest
sub_05_trial_000,sub_05,0,6.734431743621826,2.816260814666748,53.28388977050781,1.2918827533721924,3.1931800842285156,11.86535930633545,-2.6091537475585938,2.4091694355010986,12.611780166625977,-6.599163055419922,3.545912027359009,56.12244415283203,-0.3537653684616089,4.909918785095215,24.232452392578125,-0.9607644081115723,4.199118614196777,18.555667877197266,4.762119293212891,3.212785243988037,32.99977111816406,6.2163166999816895,3.2455780506134033,49.17637252807617,move
sub_05_trial_001,sub_05,1,-2.246978759765625,2.534780979156494,11.474027633666992,-3.710916519165039,3.213522434234619,24.09762954711914,3.711038827896118,3.0384624004364014,23.00406265258789,-0.6286770105361938,3.092557191848755,9.959145545959473,8.095582962036133,5.4745635986328125,95.50929260253906,-0.9085513353347778,2.7216644287109375,8.232921600341797,-4.860540390014648,3.6188642978668213,36.721031188964844,-1.894363284111023,2.60772442817688,10.388837814331055,rest
sub_05_trial_002,sub_05,2,-5.159368515014648,3.7069873809814453,40.360843658447266,0.9709035158157349,2.2967464923858643,6.217697620391846,-3.3130438327789307,2.773630142211914,18.669282913208008,3.9819633960723877,3.048893451690674,25.151782989501953,4.273420810699463,3.890650510787964,33.399288177490234,-1.6090947389602661,2.644855260848999,9.584444999694824,-0.40855708718299866,2.9691872596740723,8.982990264892578,1.1542483568191528,2.4839513301849365,7.502303123474121,rest
sub_05_trial_003,sub_05,3,5.949720859527588,4.327855587005615,54.129512786865234,4.902425289154053,3.039168357849121,33.270320892333984,-0.34703972935676575,1.9629883766174316,3.9737603664398193,-0.6560521125793457,2.4930832386016846,6.64586877822876,-4.411252021789551,3.348257303237915,30.669971466064453,-3.3181753158569336,2.4484305381774902,17.005102157592773,3.7644641399383545,2.877332925796509,22.450233459472656,5.171844959259033,2.966224193572998,35.54645919799805,move
sub_05_trial_004,sub_05,4,-3.0746586322784424,2.597904920578003,16.202638626098633,0.14921103417873383,2.057032346725464,4.253645420074463,-1.4988598823547363,2.632063627243042,9.17434024810791,2.830554962158203,3.2771339416503906,18.75164794921875,3.3426153659820557,4.548046588897705,31.857805252075195,-1.1256033182144165,4.110966205596924,18.16702651977539,0.2209206521511078,2.9680519104003906,8.858139038085938,-2.9085264205932617,2.5404558181762695,14.91344165802002,rest
sub_05_trial_005,sub_05,5,2.2697064876556396,2.847036361694336,13.257184028625488,0.3833731412887573,2.281252384185791,5.351086616516113,0.7185060977935791,2.2485010623931885,5.572007179260254,0.34137701988220215,2.5355076789855957,6.545337677001953,-4.850648880004883,3.6521823406219482,36.86722946166992,0.7940189242362976,2.4690699577331543,6.726772785186768,-3.4542768001556396,3.0062661170959473,20.969663619995117,-3.6069703102111816,2.4646732807159424,19.08485221862793,move
sub_05_trial_006,sub_05,6,0.10474816709756851,3.6227645874023438,13.135395050048828,-0.3777632415294647,2.2736268043518066,5.312084197998047,2.1655218601226807,3.056156635284424,14.029579162597656,-0.8353250622749329,2.813774585723877,8.615096092224121,-0.6353418827056885,3.3600614070892334,11.693672180175781,2.4410364627838135,2.724806308746338,13.383227348327637,6.0217461585998535,4.597163200378418,57.39533615112305,3.1987290382385254,3.138713836669922,20.083391189575195,rest
sub_05_trial_007,sub_05,7,1.0346510410308838,2.9119746685028076,9.55009937286377,2.6187689304351807,3.5200412273406982,19.248640060424805,4.443538665771484,3.40673565864563,31.350887298583984,4.072862148284912,4.322675704956055,35.27373123168945,0.5150302648544312,4.312536239624023,18.863222122192383,-6.01337194442749,3.3181607723236084,47.170833587646484,-5.078145503997803,3.442737579345703,37.63999938964844,-4.070247173309326,2.915009021759033,25.064189910888672,rest
sub_05_trial_008,sub_05,8,-6.286599636077881,3.7251904010772705,53.39838409423828,-5.826956272125244,2.5857179164886475,40.63935470581055,2.266474962234497,2.233426094055176,10.125099182128906,-0.2982404828071594,2.884343147277832,8.408382415771484,2.0620596408843994,3.0556962490081787,13.58936882019043,3.9176459312438965,2.9526541233062744,24.06611442565918,-0.5796680450439453,3.838797092437744,15.072378158569336,0.05852954089641571,2.9796481132507324,8.88172721862793,move
sub_05_trial_009,sub_05,9,-5.876620769500732,5.096052646636963,60.50442886352539,-7.125988483428955,6.044149875640869,87.31146240234375,-0.42504051327705383,2.699570655822754,7.468340873718262,-0.6960405707359314,2.976933240890503,9.346604347229004,-1.7923187017440796,3.6314940452575684,16.400156021118164,0.9592893123626709,2.9815280437469482,9.809743881225586,-6.883615016937256,5.1276984214782715,73.67744445800781,0.5019333362579346,2.750260353088379,7.8158698081970215,rest
sub_05_trial_010,sub_05,10,1.1032929420471191,3.3152544498443604,12.208166122436523,5.968684673309326,5.506670951843262,65.94861602783203,-0.7177267074584961,2.6206626892089844,7.383004665374756,-1.8449902534484863,2.9983770847320557,12.394253730773926,-2.57331919670105,3.8761913776397705,21.646831512451172,5.336575031280518,2.8296525478363037,36.4859733581543,5.2140583992004395,3.9311106204986572,42.640037536621094,0.5924394130706787,2.623166799545288,7.231988430023193,rest
sub_05_trial_011,sub_05,11,-3.0452022552490234,4.628493309020996,30.696205139160156,3.026292562484741,2.292121171951294,14.41226577758789,-4.205137729644775,2.567331075668335,24.274368286132812,3.1471502780914307,2.5942251682281494,16.634557723999023,1.563512921333313,2.7588324546813965,10.055729866027832,-2.006809711456299,2.4887168407440186,10.22099781036377,0.2571655213832855,4.274474620819092,18.33726692199707,-1.1780588626861572,2.8718767166137695,9.635498046875,move
sub_05_trial_012,sub_05,12,0.6684246063232422,2.8016154766082764,8.295842170715332,4.459156036376953,4.135942459106445,36.99009323120117,-0.14393770694732666,2.8077902793884277,7.904404163360596,0.3369831442832947,3.084099292755127,9.625226974487305,-3.7760088443756104,3.5037269592285156,26.534343719482422,4.771798610687256,3.02066707611084,31.894493103027344,-0.26441526412963867,3.0825910568237305,9.572281837463379,-4.671433448791504,2.694363832473755,29.08188819885254,rest
sub_05_trial_013,sub_05,13,-6.6186065673828125,2.798046112060547,51.63501739501953,-6.218703269958496,3.0293118953704834,47.848995208740234,1.4214144945144653,2.9676835536956787,10.827566146850586,2.8956010341644287,2.454545259475708,14.409296989440918,6.757611274719238,4.7975592613220215,68.68189239501953,-0.8380742073059082,3.081287384033203,10.196700096130371,1.6696304082870483,3.0255560874938965,11.941656112670898,5.488004207611084,3.591790199279785,43.01914596557617,move
sub_05_trial_014,sub_05,14,1.3730207681655884,3.01924467086792,11.001025199890137,-0.002945434534922242,2.35833740234375,5.561764240264893,-2.443263530731201,3.2152881622314453,16.3076114654541,2.702944278717041,2.896204710006714,15.693909645080566,-3.2450380325317383,3.7741589546203613,24.774547576904297,-1.6014460325241089,3.232900381088257,13.016276359558105,-5.907334804534912,3.934164524078369,50.3742561340332,-1.2278822660446167,2.5788779258728027,8.158306121826172,rest
sub_05_trial_015,sub_05,15,-8.819040298461914,5.0709357261657715,103.48985290527344,-4.094213962554932,2.9386374950408936,25.39818000793457,2.2576162815093994,2.6062872409820557,11.889564514160156,1.0837270021438599,3.2886431217193604,11.98963737487793,-2.8598134517669678,4.619775295257568,29.520856857299805,4.79557991027832,3.8488776683807373,37.81144714355469,-8.994733810424805,5.0271992683410645,106.17796325683594,-4.242183208465576,3.1729071140289307,28.063457489013672,rest
sub_05_trial_016,sub_05,16,6.15066385269165,3.4391462802886963,49.658390045166016,2.075019121170044,2.151237726211548,8.933526992797852,-2.2971718311309814,2.3570826053619385,10.83283805847168,-2.267899513244629,2.747727870941162,12.693375587463379,-4.205010890960693,3.764133930206299,31.850820541381836,-1.2137340307235718,2.7133913040161133,8.83564281463623,1.285762071609497,3.0190577507019043,10.767894744873047,0.1764824539422989,2.2176690101623535,4.9492011070251465,move
sub_05_trial_017,sub_05,17,1.4102145433425903,2.5635247230529785,8.560365676879883,1.1651874780654907,3.180999755859375,11.476422309875488,-0.6847248673439026,2.4301915168762207,6.3746795654296875,4.415722846984863,2.4301533699035645,25.404247283935547,0.21074694395065308,3.886007785797119,15.14547061920166,-1.7609968185424805,2.5755813121795654,9.734728813171387,4.7769775390625,3.171687602996826,32.87912368774414,4.9740986824035645,3.953864574432373,40.374698638916016,move
sub_05_trial_018,sub_05,18,-2.768742561340332,2.5857696533203125,14.352142333984375,0.4878908097743988,2.2738704681396484,5.408524036407471,-1.8604103326797485,2.3725831508636475,9.090277671813965,4.281684398651123,2.761047601699829,25.956207275390625,-4.00222110748291,3.5154151916503906,28.375917434692383,7.234452247619629,3.2729508876800537,63.04950714111328,-0.5216192603111267,2.7484428882598877,7.82602596282959,-4.348665237426758,2.668595552444458,26.03228759765625,move
sub_05_trial_019,sub_05,19,1.6981019973754883,3.529507875442505,15.340977668762207,5.033122539520264,2.6769731044769287,32.49850845336914,-1.0440683364868164,2.6248056888580322,7.979682445526123,1.4599789381027222,3.6109118461608887,15.170222282409668,-1.7163430452346802,3.692142963409424,16.5777530670166,-3.7724130153656006,3.1107017993927,23.90756607055664,5.731565475463867,3.9103455543518066,48.14164352416992,4.211729526519775,2.4653491973876953,23.816612243652344,rest
sub_05_trial_020,sub_05,20,-6.5750508308410645,4.257467746734619,61.35732650756836,-7.326653003692627,3.258955955505371,64.3006362915039,0.6309922933578491,2.0669000148773193,4.670227527618408,2.949098587036133,2.1270689964294434,13.22160530090332,-0.11048705875873566,4.801400184631348,23.06565284729004,7.878659725189209,8.206762313842773,129.4242401123047,-3.292569875717163,3.257054090499878,21.44941520690918,-4.962185382843018,2.740231513977051,32.13215255737305,move
sub_05_trial_021,sub_05,21,-9.175774574279785,4.1700215339660645,101.58392333984375,-9.752351760864258,4.8749680519104,118.87368774414062,1.01427161693573,3.662452220916748,14.442301750183105,9.286717414855957,4.314700603485107,104.85975646972656,1.7331256866455078,3.9189541339874268,18.361927032470703,-3.6207876205444336,3.486142873764038,25.26329231262207,-11.350160598754883,5.1551103591918945,155.40130615234375,-6.287741661071777,3.6148931980133057,52.6031494140625,rest
sub_05_trial_022,sub_05,22,2.997607469558716,3.39664888381958,20.52287483215332,-2.485023021697998,2.1760644912719727,10.910595893859863,-1.4290354251861572,2.260587692260742,7.15239953994751,-3.232447624206543,2.8782715797424316,18.73316192626953,5.132885932922363,2.8958609104156494,34.73252487182617,-3.7855658531188965,3.328568696975708,25.409879684448242,2.3000926971435547,2.9658408164978027,14.086639404296875,4.983703136444092,2.7398805618286133,32.344242095947266,move
sub_05_trial_023,sub_05,23,-2.0438239574432373,2.8922717571258545,12.542452812194824,-6.731908321380615,3.3714075088500977,56.68498229980469,3.4467666149139404,3.014749526977539,20.968914031982422,0.9265286922454834,2.8534867763519287,9.00084400177002,3.5971429347991943,3.4929440021514893,25.140092849731445,-1.840928077697754,2.5479025840759277,9.880824089050293,-7.500796794891357,3.3982255458831787,67.80989074707031,-4.019754409790039,3.0257441997528076,25.313554763793945,rest
sub_05_trial_024,sub_05,24,-4.741650581359863,2.691502332687378,29.727436065673828,2.5458803176879883,2.007477045059204,10.511470794677734,1.1406235694885254,3.9848177433013916,17.179794311523438,4.173242092132568,3.8550925254821777,32.27769088745117,-0.021705321967601776,3.419384717941284,11.69266414642334,-0.12548455595970154,2.6129021644592285,6.84300422668457,0.41241928935050964,3.555737257003784,12.813356399536133,-0.41304105520248413,2.5700607299804688,6.775815010070801,rest
sub_05_trial_025,sub_05,25,2.7825236320495605,3.427395820617676,19.48948097229004,4.88185977935791,2.7914459705352783,31.624725341796875,-1.074894905090332,2.2304253578186035,6.1301960945129395,-1.9003361463546753,2.450798988342285,9.617692947387695,1.1183668375015259,3.150428056716919,11.17594051361084,-1.968631386756897,3.379955530166626,15.29961109161377,-0.7194399237632751,4.083129405975342,17.189538955688477,0.6667662858963013,2.745638847351074,7.983109474182129,move
sub_05_trial_026,sub_05,26,2.973745584487915,2.482396125793457,15.005455017089844,1.6280066967010498,1.9825154542922974,6.58077335357666,-2.8081045150756836,2.6699719429016113,15.014202117919922,-7.559383392333984,3.570896625518799,69.89557647705078,7.437300205230713,4.917636394500732,79.49659729003906,-3.188753128051758,2.500681161880493,16.421552658081055,8.104236602783203,3.668834924697876,79.13899993896484,7.16646671295166,3.568126916885376,64.08976745605469,move
sub_05_trial_027,sub_05,27,5.590512752532959,2.7032947540283203,38.5616340637207,5.082497596740723,2.5569522380828857,32.369789123535156,-2.089282751083374,2.6958494186401367,11.632704734802246,-1.1077303886413574,3.157475233078003,11.196715354919434,-5.409205436706543,4.296884536743164,47.72271728515625,1.7597150802612305,3.184049606323242,13.234769821166992,3.7329423427581787,3.266003131866455,24.601634979248047,0.9388747811317444,2.6249516010284424,7.77185583114624,rest
sub_05_trial_028,sub_05,28,0.7289038896560669,2.3635833263397217,6.11782693862915,-0.16601745784282684,2.265800952911377,5.161416053771973,2.0914525985717773,2.6051740646362305,11.161107063293457,2.874511480331421,2.9626119136810303,17.039886474609375,-0.6515727639198303,3.759289503097534,14.556806564331055,-6.187334060668945,3.9159812927246094,53.61800765991211,-11.285545349121094,5.328444957733154,155.75584411621094,-5.547754287719727,2.794374704360962,38.58610916137695,rest
sub_05_trial_029,sub_05,29,2.684068441390991,2.500537157058716,13.4569091796875,0.0787375345826149,1.9724117517471313,3.8966073989868164,0.3558468818664551,2.4576120376586914,6.1664838790893555,-3.4409329891204834,2.1884477138519287,16.629323959350586,0.9635245203971863,3.2220301628112793,11.309857368469238,-2.451469898223877,2.341949224472046,11.494431495666504,3.9937360286712646,2.596200704574585,22.690183639526367,7.613612174987793,3.4346563816070557,69.76396179199219,move
sub_05_trial_030,sub_05,30,2.987576484680176,3.1402008533477783,18.78647232055664,0.2822019159793854,3.2623393535614014,10.722496032714844,-0.5203573107719421,1.9504709243774414,4.075108528137207,-3.7370848655700684,2.7060866355895996,21.28870964050293,-8.713265419006348,4.0738396644592285,92.51718139648438,4.876435279846191,3.7123563289642334,37.56121063232422,2.1294424533843994,2.8254106044769287,12.517470359802246,-1.755266547203064,2.885369062423706,11.406316757202148,move
sub_05_trial_031,sub_05,31,0.8369385004043579,3.630580425262451,13.881582260131836,0.32359710335731506,2.5030674934387207,6.370062351226807,1.6316276788711548,2.449086904525757,8.660235404968262,4.614749908447266,3.46547532081604,33.30543518066406,1.9398499727249146,3.454037666320801,15.693394660949707,-5.104197978973389,4.432067394256592,45.69606399536133,-0.6618065237998962,3.766251564025879,14.622637748718262,3.9465067386627197,2.9172868728637695,24.085477828979492,move
sub_05_trial_032,sub_05,32,1.6987290382385254,2.6780335903167725,10.057544708251953,-2.268378257751465,2.524670362472534,11.519499778747559,-0.9365240335464478,2.497875452041626,7.116458415985107,-2.309460163116455,3.1055493354797363,14.978043556213379,-0.8146160244941711,3.6000168323516846,13.623719215393066,-0.24256783723831177,2.541578531265259,6.518460750579834,2.660074234008789,2.992910385131836,16.033506393432617,2.292433500289917,2.6111154556274414,12.073175430297852,rest
sub_05_trial_033,sub_05,33,0.8531960248947144,2.7920498847961426,8.523486137390137,2.5954294204711914,2.386871337890625,12.4334077835083,-1.921750545501709,2.7242939472198486,11.11490249633789,1.5365312099456787,2.938027858734131,10.992936134338379,-2.5889625549316406,3.5017333030700684,18.964862823486328,-1.8091940879821777,3.108713150024414,12.937281608581543,0.09031762927770615,3.970111846923828,15.769943237304688,4.119517803192139,2.4832770824432373,23.137086868286133,rest
sub_05_trial_034,sub_05,34,-0.9156013131141663,2.7893259525299072,8.61866569519043,4.09910249710083,2.9158968925476074,25.305097579956055,-0.09326165914535522,2.726795196533203,7.44411039352417,3.380805253982544,3.0948495864868164,21.007938385009766,2.4175117015838623,4.765170097351074,28.551212310791016,-5.641947269439697,4.146306037902832,49.0234260559082,1.9954012632369995,3.6423702239990234,17.24848747253418,5.561202049255371,4.416669845581055,50.43394470214844,rest
sub_05_trial_035,sub_05,35,1.3584308624267578,2.8985939025878906,10.24718189239502,-1.7756335735321045,2.505858898162842,9.432202339172363,4.7283549308776855,2.3805062770843506,28.024150848388672,2.6974222660064697,2.5388739109039307,13.721969604492188,1.6591781377792358,3.0735208988189697,12.199403762817383,3.254467725753784,2.702989101409912,17.8977108001709,-3.8304355144500732,3.0044023990631104,23.698671340942383,-8.041268348693848,3.6130361557006836,77.71602630615234,move
sub_05_trial_036,sub_05,36,-0.5618348121643066,2.6842548847198486,7.520883083343506,-4.681951999664307,2.426180362701416,27.807025909423828,-3.6463749408721924,2.9944138526916504,22.262563705444336,0.7542413473129272,2.6935198307037354,7.823929786682129,0.8840897083282471,3.0362329483032227,10.000324249267578,-1.1499911546707153,3.0222830772399902,10.456674575805664,2.777986764907837,4.133554458618164,24.80348014831543,3.248037576675415,2.8053269386291504,18.41960906982422,move
sub_05_trial_037,sub_05,37,1.4371675252914429,2.4886014461517334,8.258587837219238,-4.199984550476074,4.853743553161621,41.198692321777344,-0.09114428609609604,2.444185495376587,5.982349872589111,1.709449052810669,3.007535934448242,11.967488288879395,8.599316596984863,6.149990558624268,111.77063751220703,-5.847006797790527,3.8773932456970215,49.22167205810547,-3.15610933303833,2.910222053527832,18.430418014526367,-1.922084093093872,2.488269090652466,9.88589096069336,move
sub_05_trial_038,sub_05,38,-1.9628232717514038,2.868446111679077,12.080657958984375,-1.13392174243927,2.581911325454712,7.95204496383667,2.3251230716705322,3.0947659015655518,14.983773231506348,0.6311749219894409,3.1527352333068848,10.33812141418457,-4.647243499755859,4.951330184936523,46.11254119873047,3.1899845600128174,3.1319429874420166,19.985071182250977,-3.2952582836151123,4.331018447875977,29.6164493560791,-3.079379081726074,4.097102165222168,26.26882553100586,rest
sub_05_trial_039,sub_05,39,3.9893686771392822,3.3026351928710938,26.822460174560547,0.3614389896392822,2.1746585369110107,4.859777450561523,1.8804179430007935,2.3553240299224854,9.083523750305176,-2.8079872131347656,3.205428123474121,18.159563064575195,-0.8462958931922913,2.921686887741089,9.252470970153809,-1.7117822170257568,3.096733331680298,12.519956588745117,-1.187149167060852,3.044499397277832,10.678298950195312,-0.34076008200645447,2.5006825923919678,6.369530200958252,move
sub_06_trial_000,sub_06,0,4.508182525634766,3.0648772716522217,29.71718406677246,2.306818962097168,2.8114147186279297,13.22546672821045,5.031988143920898,3.320408344268799,36.34601974487305,-0.20049531757831573,2.8300392627716064,8.049320220947266,0.20264464616775513,2.711047887802124,7.39084529876709,-2.297323703765869,3.0890495777130127,14.819923400878906,-4.183360576629639,3.278446912765503,28.24871826171875,-2.6238186359405518,2.5907037258148193,13.596168518066406,rest
sub_06_trial_001,sub_06,1,-1.510119915008545,2.5916435718536377,8.997077941894531,-2.6304636001586914,4.340246677398682,25.757081985473633,-1.803245186805725,3.00331449508667,12.271591186523438,-1.2328747510910034,3.4461312294006348,13.39579963684082,-1.2894611358642578,2.4909846782684326,7.867715835571289,0.05362854152917862,2.920027256011963,8.529433250427246,1.9514448642730713,2.568143606185913,10.403497695922852,-1.4985880851745605,3.8348495960235596,16.95183753967285,rest
sub_06_trial_002,sub_06,2,-1.523855209350586,2.404927968978882,8.105813026428223,5.065126895904541,3.400082588195801,37.21607208251953,0.2751365900039673,3.0959670543670654,9.660713195800781,5.275465488433838,3.5527215003967285,40.45235824584961,1.641743540763855,3.3969554901123047,14.234627723693848,0.9619340896606445,3.931299924850464,16.380435943603516,3.0015029907226562,2.3727850914001465,14.639127731323242,-1.1708977222442627,2.150134325027466,5.994079113006592,rest
sub_06_trial_003,sub_06,3,1.0390946865081787,2.4944326877593994,7.301912307739258,5.281494140625,3.4787189960479736,39.995662689208984,0.6295856833457947,3.0970520973205566,9.988109588623047,-0.09557458758354187,2.4833061695098877,6.175943374633789,-1.420396327972412,2.0278561115264893,6.129725456237793,-4.526578903198242,2.6736557483673096,27.638349533081055,0.7600237131118774,2.5674657821655273,7.169516563415527,1.5342847108840942,2.6613686084747314,9.43691349029541,move
sub_06_trial_004,sub_06,4,5.211246967315674,4.183757305145264,44.660926818847656,8.200979232788086,6.571414470672607,110.43955993652344,1.0571402311325073,3.404280424118042,12.706669807434082,-0.7190826535224915,3.2568600177764893,11.124218940734863,3.7299892902374268,3.069856882095337,23.336841583251953,-2.8356873989105225,3.526010513305664,20.473873138427734,-2.1540355682373047,2.9602041244506836,13.402677536010742,-2.1341795921325684,3.614253520965576,17.617551803588867,rest
sub_06_trial_005,sub_06,5,2.418545961380005,2.4186277389526367,11.699125289916992,3.460584878921509,2.7478044033050537,19.526073455810547,5.480420112609863,3.3139779567718506,41.01744842529297,3.3227357864379883,3.2283387184143066,21.462745666503906,2.4849917888641357,2.7137844562530518,13.539810180664062,2.0670158863067627,2.527778387069702,10.662219047546387,-4.315475940704346,3.246399402618408,29.162439346313477,-2.140932083129883,2.1191563606262207,9.074413299560547,rest
sub_06_trial_006,sub_06,6,2.406040906906128,2.8979573249816895,14.187191009521484,5.121743202209473,6.337167263031006,66.3919448852539,5.537911891937256,4.889553070068359,54.576194763183594,1.81917142868042,3.9128098487854004,18.619464874267578,2.5462729930877686,2.7358105182647705,13.96816635131836,-6.117668151855469,3.402971029281616,49.006072998046875,-0.9201881289482117,2.232149124145508,5.8292365074157715,2.876570463180542,3.2613565921783447,18.911108016967773,move
sub_06_trial_007,sub_06,7,-1.0446341037750244,3.7418019771575928,15.092342376708984,0.6650884747505188,3.4003443717956543,12.004684448242188,1.1802623271942139,3.025508165359497,10.54671859741211,2.107954978942871,2.5073370933532715,10.730215072631836,-0.4171578288078308,2.22072434425354,5.105637073516846,5.636430263519287,4.204105854034424,49.443851470947266,-1.1747037172317505,2.5669662952423096,7.969245910644531,1.4103633165359497,2.0434393882751465,6.164769649505615,move
sub_06_trial_008,sub_06,8,1.7493607997894287,2.1308116912841797,7.600621223449707,4.132115364074707,3.1321604251861572,26.884809494018555,-1.8570603132247925,3.1953279972076416,13.658794403076172,-2.4670932292938232,3.096740245819092,15.676347732543945,-3.4026689529418945,2.8799118995666504,19.872051239013672,-3.4421913623809814,3.222120761871338,22.230741500854492,-1.8606956005096436,2.2282190322875977,8.427148818969727,1.7570195198059082,2.8556644916534424,11.241938591003418,rest
sub_06_trial_009,sub_06,9,4.1539459228515625,3.460402250289917,29.22965431213379,-2.717165231704712,3.7939488887786865,21.777034759521484,2.8730807304382324,2.9207308292388916,16.785263061523438,-2.968625068664551,3.8640389442443848,23.743532180786133,2.044308662414551,2.1774282455444336,8.920392036437988,2.9594955444335938,2.9902994632720947,17.700504302978516,-3.104600429534912,3.9938690662384033,25.58953285217285,-0.3166773021221161,2.514415740966797,6.42257022857666,move
sub_06_trial_010,sub_06,10,3.0061697959899902,2.4381372928619385,14.98157024383545,3.2144947052001953,3.09414005279541,19.906675338745117,1.2584624290466309,2.5205585956573486,7.936944007873535,0.2978714406490326,2.5169267654418945,6.423648357391357,1.402410626411438,2.0401089191436768,6.128799915313721,0.9727447628974915,3.041449546813965,10.196646690368652,-1.014113187789917,2.044294834136963,5.20756721496582,-3.067439556121826,2.3763492107391357,15.056221008300781,move
sub_06_trial_011,sub_06,11,-3.81381893157959,2.978670597076416,23.417695999145508,-1.9693427085876465,3.6590042114257812,17.266620635986328,-5.97390604019165,3.9828786849975586,51.55087661743164,-1.0526033639907837,2.5488789081573486,7.604756832122803,-1.0631660223007202,2.579699754714966,7.7851738929748535,-7.468193531036377,5.845025539398193,89.938232421875,3.3734891414642334,2.990055799484253,20.320865631103516,0.3824879825115204,2.3458244800567627,5.649189472198486,move
sub_06_trial_012,sub_06,12,-3.113384246826172,4.77825403213501,32.524871826171875,0.23414257168769836,2.889482021331787,8.403929710388184,-1.5123021602630615,3.6945881843566895,15.937042236328125,5.051819324493408,4.9700493812561035,50.22227096557617,-1.793771743774414,2.040416955947876,7.380917072296143,-1.9416807889938354,2.659154176712036,10.841225624084473,3.988905191421509,5.973968982696533,51.59967041015625,-7.11622428894043,2.61804461479187,57.49480438232422,move
sub_06_trial_013,sub_06,13,0.547985315322876,3.3966689109802246,11.837648391723633,3.9687602519989014,5.1565117835998535,42.34067153930664,1.512271761894226,4.409548282623291,21.731082916259766,1.187164306640625,2.9835684299468994,10.311038970947266,1.24211585521698,2.327026844024658,6.957905292510986,0.901654839515686,3.299813747406006,11.701752662658691,1.2211649417877197,2.2745704650878906,6.664914608001709,-1.3150324821472168,2.272507905960083,6.89360237121582,rest
sub_06_trial_014,sub_06,14,1.501068353652954,2.397195816040039,7.999754428863525,-4.0608134269714355,4.501183986663818,36.7508659362793,-1.8909263610839844,3.6899380683898926,17.191246032714844,-3.8748066425323486,3.6161904335021973,28.090957641601562,0.8622950911521912,2.8806772232055664,9.041853904724121,-0.9691700339317322,4.468216419219971,20.90424919128418,-5.085659027099609,3.680659770965576,39.41117858886719,-5.438286781311035,6.417099475860596,70.7541275024414,rest
sub_06_trial_015,sub_06,15,0.06357977539300919,2.0542781352996826,4.224100589752197,-2.3811933994293213,2.933133602142334,14.273354530334473,-1.4643751382827759,2.6839585304260254,9.348027229309082,-2.6961543560028076,2.6018006801605225,14.038615226745605,3.078787088394165,1.9606297016143799,13.322999954223633,-0.8833867907524109,3.945286989212036,16.345661163330078,-2.271070718765259,2.4412741661071777,11.117582321166992,-3.704190492630005,3.0684220790863037,23.13623809814453,move
sub_06_trial_016,sub_06,16,1.3120222091674805,2.213447332382202,6.620750904083252,5.9341020584106445,3.4916915893554688,47.40547561645508,-0.4116785228252411,3.480717182159424,12.284871101379395,2.6155049800872803,2.3591198921203613,12.406312942504883,-1.4352333545684814,3.833070993423462,16.752330780029297,-5.703831195831299,5.175281524658203,59.31722640991211,1.0188732147216797,2.3187336921691895,6.414628028869629,4.6529035568237305,2.306337356567383,26.96870231628418,move
sub_06_trial_017,sub_06,17,-2.6084413528442383,3.2265751361846924,17.214754104614258,3.7223119735717773,3.409409284591675,25.479677200317383,-3.3250551223754883,3.3239874839782715,22.104887008666992,3.2254035472869873,3.5345497131347656,22.896268844604492,0.6247661709785461,2.486079454421997,6.570923805236816,-3.2659292221069336,4.183409690856934,28.16720962524414,1.9464720487594604,2.960355043411255,12.552454948425293,2.070797920227051,2.337250232696533,9.75094223022461,rest
sub_06_trial_018,sub_06,18,-1.7197575569152832,3.1937971115112305,13.157906532287598,-7.461047649383545,4.070311546325684,72.23466491699219,0.17826040089130402,2.7150497436523438,7.403271675109863,-3.1455798149108887,2.867459297180176,18.116994857788086,0.029121704399585724,2.2661285400390625,5.1361870765686035,-0.9896252155303955,2.978585958480835,9.851332664489746,-3.6394033432006836,3.3653857707977295,24.571081161499023,-0.07368194311857224,2.765420436859131,7.652980327606201,move
sub_06_trial_019,sub_06,19,-2.1298348903656006,2.617154836654663,11.385697364807129,-0.41903069615364075,3.2827186584472656,10.951828002929688,1.074207067489624,3.0070407390594482,10.196216583251953,1.6088719367980957,2.2157623767852783,7.498071670532227,1.2292715311050415,2.0030882358551025,5.523471355438232,-7.702009201049805,3.618614435195923,72.41531372070312,1.1578986644744873,2.323455572128296,6.739175319671631,3.036820888519287,3.041229248046875,18.471355438232422,move
sub_06_trial_020,sub_06,20,2.7587168216705322,2.9933977127075195,16.570947647094727,2.4726357460021973,3.541163682937622,18.653764724731445,2.3635053634643555,4.223284721374512,23.42228889465332,-2.5279486179351807,2.9949166774749756,15.360051155090332,-2.5023953914642334,2.8467469215393066,14.365949630737305,0.19282689690589905,3.3005571365356445,10.930858612060547,-2.306938409805298,2.7571942806243896,12.924083709716797,-0.19764764606952667,2.7333152294158936,7.510076999664307,rest
sub_06_trial_021,sub_06,21,-0.06729266047477722,2.0073113441467285,4.03382682800293,-0.8677515387535095,2.851501226425171,8.884052276611328,-5.73515510559082,3.56967830657959,45.63460922241211,-3.5929927825927734,3.6615803241729736,26.31676483154297,-1.2657828330993652,2.7757019996643066,9.306727409362793,6.005989074707031,3.917732000350952,51.42053985595703,2.032989978790283,2.1984777450561523,8.966351509094238,2.291618824005127,2.44584059715271,11.233652114868164,rest
sub_06_trial_022,sub_06,22,-0.05672039836645126,2.6954338550567627,7.268579959869385,1.0225917100906372,3.4560492038726807,12.989968299865723,-0.04828330874443054,3.0879013538360596,9.537467002868652,2.4436943531036377,3.1869301795959473,16.128164291381836,-0.964874267578125,2.41025972366333,6.740335464477539,3.1401498317718506,3.099907636642456,19.469968795776367,1.143576979637146,2.263057231903076,6.429197311401367,1.7410069704055786,2.7071964740753174,10.360018730163574,rest
sub_06_trial_023,sub_06,23,-0.5238133072853088,2.1693997383117676,4.980674743652344,3.6540257930755615,3.0173819065093994,22.456497192382812,1.3768094778060913,4.474735260009766,21.918859481811523,1.4247039556503296,3.756438732147217,16.140615463256836,0.4498754143714905,3.714790105819702,14.002053260803223,2.7524750232696533,4.000627517700195,23.581140518188477,3.398099660873413,2.5249171257019043,17.922286987304688,4.078193664550781,3.0238192081451416,25.775146484375,rest
sub_06_trial_024,sub_06,24,6.808572292327881,3.5224504470825195,58.764305114746094,4.789708137512207,3.2232038974761963,33.330352783203125,7.0500311851501465,3.6667563915252686,63.148048400878906,-1.440361499786377,3.118776798248291,11.801409721374512,-1.863220453262329,2.557605743408203,10.012937545776367,1.8774021863937378,3.5890204906463623,16.40570640563965,-6.201745986938477,3.0098659992218018,47.52094650268555,-4.818891525268555,2.4506802558898926,29.22754669189453,rest
sub_06_trial_025,sub_06,25,0.9608212113380432,2.571970224380493,7.538208961486816,0.1476668119430542,2.5705225467681885,6.629391670227051,1.4673420190811157,2.5049095153808594,8.42766284942627,-0.7273566722869873,3.038168430328369,9.759513854980469,0.9458888173103333,2.811098575592041,8.796980857849121,1.2761057615280151,2.9248838424682617,10.183392524719238,-1.6198879480361938,2.5259625911712646,9.004523277282715,4.5460710525512695,2.826784133911133,28.657474517822266,move
sub_06_trial_026,sub_06,26,7.267454147338867,3.9000701904296875,68.02642822265625,3.786698341369629,3.1933348178863525,24.536468505859375,4.969693660736084,3.6298935413360596,37.87398910522461,-2.6758289337158203,2.6848270893096924,14.368356704711914,-3.973128318786621,3.3370273113250732,26.921499252319336,-4.8697733879089355,3.6000938415527344,36.67536926269531,-10.504523277282715,5.787044525146484,143.83489990234375,-6.558164596557617,3.7247188091278076,56.883052825927734,move
sub_06_trial_027,sub_06,27,-1.6114939451217651,2.73347544670105,10.068800926208496,4.5545573234558105,4.189015865325928,38.29184341430664,-1.243106722831726,3.480008363723755,13.655771255493164,0.9612283706665039,2.4976682662963867,7.1623077392578125,-6.180830478668213,3.4587037563323975,50.16529846191406,-1.1642725467681885,2.964632987976074,10.14457893371582,3.730363368988037,3.9755403995513916,29.720531463623047,1.109420895576477,3.0314934253692627,10.420767784118652,move
sub_06_trial_028,sub_06,28,2.929145336151123,2.4175240993499756,14.424317359924316,-1.158033847808838,2.7413601875305176,8.856097221374512,2.3408989906311035,2.663494825363159,12.574013710021973,-3.283170700073242,2.719061851501465,18.172508239746094,-3.6079790592193604,2.972247362136841,21.851764678955078,-1.955176591873169,2.4874134063720703,10.009941101074219,-4.510606288909912,3.1959216594696045,30.559484481811523,-5.115277290344238,2.9033362865448,34.59542465209961,move
sub_06_trial_029,sub_06,29,-3.7065658569335938,2.4961185455322266,19.96923828125,-3.702045202255249,3.0527215003967285,23.024246215820312,-2.0482289791107178,2.4140241146087646,10.022754669189453,1.497043490409851,2.799147844314575,10.076367378234863,5.152439594268799,2.7571589946746826,34.149559020996094,-0.17378631234169006,2.7817814350128174,7.768509864807129,4.046384334564209,2.708597183227539,23.709728240966797,2.03534197807312,2.222254991531372,9.081032752990723,move
sub_06_trial_030,sub_06,30,-2.037668228149414,2.4715237617492676,10.26052188873291,2.173396348953247,3.071810483932495,14.15967082977295,-1.7751606702804565,2.826868772506714,11.142382621765137,3.8590195178985596,2.6497256755828857,21.91307830810547,0.6075971722602844,2.15757417678833,5.0243000984191895,1.394283652305603,4.830969333648682,25.28229331970215,2.7840092182159424,2.2867558002471924,12.979958534240723,-3.4040725231170654,3.3176960945129395,22.594816207885742,move
sub_06_trial_031,sub_06,31,3.036431074142456,2.7146575450897217,16.589279174804688,6.8761749267578125,4.721175193786621,69.57127380371094,1.8273106813430786,2.82248592376709,11.305490493774414,2.2113120555877686,2.1813554763793945,9.648211479187012,3.6974244117736816,2.514392137527466,19.993114471435547,-0.31904467940330505,3.6049585342407227,13.097517967224121,-0.9281269907951355,2.1311511993408203,5.403225421905518,-2.334879159927368,2.073188066482544,9.749768257141113,move
sub_06_trial_032,sub_06,32,-1.2660492658615112,2.232755422592163,6.588078022003174,-1.4401051998138428,2.9110641479492188,10.548196792602539,4.638508319854736,5.428983211517334,50.9896240234375,4.343225479125977,4.649333953857422,40.479915618896484,0.2600778341293335,3.3688583374023438,11.416847229003906,4.887825012207031,3.5998620986938477,36.84983444213867,-0.326128214597702,2.654284954071045,7.151588439941406,-2.3703150749206543,2.4981250762939453,11.85902214050293,rest
sub_06_trial_033,sub_06,33,-0.6314204335212708,2.7125561237335205,7.756651878356934,3.4051482677459717,3.0909805297851562,21.149192810058594,-1.3279626369476318,3.0639841556549072,11.151484489440918,-0.9050097465515137,2.765738010406494,8.46834945678711,-3.064490795135498,2.5684211254119873,15.987890243530273,-0.09468481689691544,3.539215564727783,12.535012245178223,1.5584038496017456,2.723649024963379,9.846885681152344,-0.027942199259996414,2.649482250213623,7.02053689956665,rest
sub_06_trial_034,sub_06,34,-2.015918493270874,2.311741590499878,9.408076286315918,0.779259443283081,2.8906595706939697,8.963157653808594,1.3481534719467163,3.6060121059417725,14.820841789245605,2.1702158451080322,3.2002694606781006,14.951560974121094,-3.2399539947509766,2.5817465782165527,17.162717819213867,1.9171591997146606,3.5686936378479004,16.411073684692383,2.6049818992614746,2.4271109104156494,12.676798820495605,-1.6319973468780518,3.110255241394043,12.337102890014648,move
sub_06_trial_035,sub_06,35,-4.5639190673828125,3.044825553894043,30.100318908691406,-0.33752691745758057,2.675389051437378,7.271631717681885,-1.807719349861145,2.7819626331329346,11.007164001464844,4.254451274871826,3.1976265907287598,28.32516860961914,-0.24882806837558746,2.7954742908477783,7.876591682434082,-3.0726146697998047,3.710984230041504,23.212366104125977,2.749346971511841,2.6518945693969727,14.591453552246094,0.8598499894142151,2.265575408935547,5.87217378616333,move
sub_06_trial_036,sub_06,36,2.331526517868042,2.518854856491089,11.780646324157715,3.030634880065918,3.199065923690796,19.418771743774414,0.6358191967010498,2.6229255199432373,7.284003734588623,-2.369344711303711,3.0627620220184326,14.994306564331055,0.4587053656578064,2.364168405532837,5.799703121185303,-2.635066509246826,2.7953529357910156,14.75757122039795,-0.23024848103523254,2.178659200668335,4.799571514129639,0.45736145973205566,2.515835762023926,6.538609504699707,rest
sub_06_trial_037,sub_06,37,0.06794895976781845,1.9669992923736572,3.8737034797668457,-2.259859323501587,2.7077653408050537,12.438957214355469,-2.488675355911255,2.9943442344665527,15.159599304199219,0.33594629168510437,2.896054267883301,8.499990463256836,2.8374722003936768,2.2952539920806885,13.319437026977539,2.523153066635132,3.5987489223480225,19.317296981811523,-2.3095810413360596,2.723607063293457,12.752199172973633,-0.35922080278396606,2.2514843940734863,5.198220729827881,rest
sub_06_trial_038,sub_06,38,-2.8772332668304443,3.144871234893799,18.16868782043457,-1.0223673582077026,3.2508792877197266,11.61345100402832,1.5515015125274658,3.144806385040283,12.296964645385742,2.287001371383667,2.9884591102600098,14.161263465881348,0.903506338596344,2.486548662185669,6.999248027801514,-3.9947450160980225,3.090867757797241,25.511451721191406,0.9960392117500305,3.1649694442749023,11.009126663208008,2.7570390701293945,4.5336012840271,28.154802322387695,rest
sub_06_trial_039,sub_06,39,4.407641887664795,3.5286855697631836,31.878929138183594,-0.45297595858573914,4.070468425750732,16.773900985717773,3.211125373840332,3.603365182876587,23.29556655883789,-3.4617197513580322,3.651129961013794,25.314252853393555,-0.7686059474945068,3.89350962638855,15.75017261505127,2.360805034637451,2.6184659004211426,12.429762840270996,-4.110435962677002,2.728808879852295,24.342082977294922,-4.7915358543396,2.609806776046753,29.76990509033203,rest
sub_07_trial_000,sub_07,0,-1.336448073387146,2.3915858268737793,7.5057759284973145,-2.6144325733184814,3.1036829948425293,16.46810531616211,-3.9930596351623535,3.809460401535034,30.456510543823242,-1.193929672241211,1.7917038202285767,4.6356706619262695,4.356945514678955,4.102621078491211,35.81447219848633,-3.2627227306365967,4.355845928192139,29.618755340576172,-0.8151676654815674,2.350965976715088,6.191540718078613,1.4325324296951294,1.9725921154022217,5.943268775939941,move
sub_07_trial_001,sub_07,1,-0.4589349627494812,2.165048837661743,4.898057460784912,3.95469331741333,2.3802409172058105,21.305145263671875,-3.4044415950775146,4.765508651733398,34.300296783447266,3.2106869220733643,2.516356945037842,16.640562057495117,-0.5948188900947571,3.203878879547119,10.618650436401367,2.7951979637145996,2.4090354442596436,13.616584777832031,2.907470703125,2.564937114715576,15.032289505004883,-3.3656225204467773,2.7529141902923584,18.90595245361328,move
sub_07_trial_002,sub_07,2,0.8916270136833191,3.0795419216156006,10.278576850891113,-3.7132465839385986,3.224184989929199,24.183568954467773,-1.280306339263916,3.9813296794891357,17.490171432495117,1.2405768632888794,2.6619999408721924,8.625275611877441,4.243432521820068,7.049746036529541,67.70564270019531,-3.550619125366211,4.412893295288086,32.08052444458008,2.4349608421325684,3.099311590194702,15.534768104553223,1.2289503812789917,1.9263901710510254,5.221297740936279,rest
sub_07_trial_003,sub_07,3,3.304489850997925,2.648529529571533,17.934358596801758,-1.7247751951217651,2.335099697113037,8.427539825439453,0.4568394720554352,3.499588966369629,12.455825805664062,2.827411413192749,2.3590903282165527,13.559562683105469,5.631914138793945,4.716060161590576,53.95967483520508,-2.517566680908203,4.00971794128418,22.41598129272461,-0.34940624237060547,2.9970405101776123,9.104336738586426,1.1981507539749146,2.081573247909546,5.768511772155762,rest
sub_07_trial_004,sub_07,4,-1.3125014305114746,2.4975526332855225,7.960428714752197,6.9506425857543945,3.6512956619262695,61.643394470214844,0.4920486509799957,3.0937047004699707,9.81312084197998,-0.4335882365703583,1.6917064189910889,3.0498690605163574,0.8963691592216492,3.4833855628967285,12.93745231628418,6.840212345123291,4.865015029907227,70.45687866210938,1.6756945848464966,4.341376781463623,21.655502319335938,2.786365509033203,2.9519171714782715,16.47764778137207,move
sub_07_trial_005,sub_07,5,0.8259822726249695,2.719346284866333,8.0770902633667,-1.388028621673584,2.3987951278686523,7.680840492248535,-0.2554135024547577,3.9038515090942383,15.305293083190918,-1.5080448389053345,2.0646870136260986,6.537131309509277,0.6090453863143921,3.9637930393218994,16.082592010498047,0.030024444684386253,2.491299867630005,6.20747709274292,-1.036608099937439,3.351829767227173,12.309318542480469,5.108931541442871,2.4496166706085205,32.101806640625,rest
sub_07_trial_006,sub_07,6,-2.168041944503784,2.600923776626587,11.465209007263184,1.3648383617401123,2.631821393966675,8.789266586303711,-2.0883219242095947,3.274075746536255,15.080659866333008,-1.463507056236267,2.1660804748535156,6.833757400512695,1.1516281366348267,5.454691410064697,31.07990264892578,-0.03657037392258644,2.657317876815796,7.062675952911377,5.175957202911377,3.8872954845428467,41.90159606933594,3.7385897636413574,1.9753838777542114,17.879196166992188,move
sub_07_trial_007,sub_07,7,-0.3483552634716034,2.915881633758545,8.6237154006958,2.875744342803955,2.4365158081054688,14.206514358520508,-1.315717339515686,3.711266279220581,15.504610061645508,-0.7947143912315369,2.123507261276245,5.140854358673096,0.25642454624176025,4.863992691040039,23.724180221557617,-2.82533860206604,4.355082035064697,26.949281692504883,-1.1307551860809326,2.691275119781494,8.521570205688477,-0.8765223622322083,1.9697251319885254,4.64810848236084,rest
sub_07_trial_008,sub_07,8,3.111389636993408,3.551356077194214,22.292877197265625,1.2468645572662354,2.412792682647705,7.376239776611328,4.485671043395996,3.9451375007629395,35.68535614013672,-0.43263036012649536,2.3709545135498047,5.808594703674316,2.881669044494629,3.666825771331787,21.7496280670166,1.8618106842041016,2.916630268096924,11.97307014465332,1.4962446689605713,2.2695376873016357,7.389549732208252,2.852649688720703,1.9452481269836426,11.921600341796875,move
sub_07_trial_009,sub_07,9,2.2142977714538574,2.738856792449951,12.404450416564941,0.3848673701286316,1.904690146446228,3.7759673595428467,0.8190916180610657,2.891044855117798,9.029050827026367,2.965487241744995,2.502612352371216,15.057183265686035,4.993985652923584,3.6201508045196533,38.04539108276367,-2.709301233291626,2.932539939880371,15.940105438232422,5.038414001464844,2.2361819744110107,30.386127471923828,-0.4620101749897003,2.3053948879241943,5.528298854827881,move
sub_07_trial_010,sub_07,10,-1.1912102699279785,2.6017062664031982,8.187857627868652,1.4626952409744263,2.307081699371338,7.46210241317749,-3.623023748397827,4.132409572601318,30.203107833862305,0.2643383741378784,2.326040506362915,5.480340003967285,-1.7087032794952393,4.027830600738525,19.143085479736328,5.663323402404785,3.2018706798553467,42.32520294189453,2.4815409183502197,2.2508766651153564,11.224491119384766,-1.2300288677215576,1.9307137727737427,5.240626811981201,rest
sub_07_trial_011,sub_07,11,-3.614478349685669,2.4167299270629883,18.90503692626953,-3.4097349643707275,2.7880771160125732,19.39966583251953,-7.251180648803711,4.712033271789551,74.7828598022461,0.26216626167297363,2.265031337738037,5.199098110198975,4.044278621673584,5.127749443054199,42.65000915527344,-0.7160982489585876,2.8332743644714355,8.540241241455078,-2.906388282775879,2.66640043258667,15.556784629821777,0.43543410301208496,1.596024513244629,2.7368974685668945,rest
sub_07_trial_012,sub_07,12,-2.6814393997192383,2.417579174041748,13.034806251525879,-6.819477081298828,4.408932685852051,65.94396209716797,-3.8158020973205566,3.784200668334961,28.88051986694336,-3.6896259784698486,2.7579846382141113,21.219818115234375,3.1465933322906494,3.606543779373169,22.908206939697266,-3.708141803741455,4.162693977355957,31.078336715698242,2.1041617393493652,2.5132877826690674,10.744111061096191,-0.9930134415626526,2.1537678241729736,5.624791622161865,move
sub_07_trial_013,sub_07,13,-5.999363899230957,3.391415596008301,47.49406814575195,-0.005317870993167162,1.9833760261535645,3.9338088035583496,-9.53213882446289,4.4042840003967285,110.25939178466797,-2.9245765209198,2.4829559326171875,14.718216896057129,3.7569313049316406,3.9583585262298584,29.78313636779785,-0.6582762598991394,2.1736156940460205,5.157932758331299,0.6311101317405701,2.625230073928833,7.290133476257324,-5.197722434997559,2.412917375564575,32.83849334716797,move
sub_07_trial_014,sub_07,14,3.1658105850219727,2.4905037879943848,16.224964141845703,-0.1791418492794037,3.421959638595581,11.741899490356445,2.7173731327056885,3.8198771476745605,21.97557830810547,3.771040439605713,2.909316062927246,22.68486785888672,3.839751958847046,4.676967620849609,36.61772537231445,-2.068922281265259,2.597409248352051,11.02697467803955,-3.012634038925171,2.52071213722229,15.42995548248291,-0.5048943161964417,3.379000186920166,11.672561645507812,rest
sub_07_trial_015,sub_07,15,-1.8169478178024292,2.9065091609954834,11.749095916748047,-8.193081855773926,4.29233455657959,85.55073547363281,-4.478035926818848,5.139728546142578,46.4696159362793,-1.5854018926620483,2.597869634628296,9.26242446899414,6.462583065032959,5.524904727935791,72.28956604003906,-4.066636562347412,2.782320976257324,24.27884292602539,2.4311351776123047,2.7004008293151855,13.202585220336914,-0.9504238367080688,1.7907323837280273,4.110027313232422,rest
sub_07_trial_016,sub_07,16,-5.104762554168701,4.158012866973877,43.34767150878906,-2.8067338466644287,2.2269673347473145,12.837139129638672,-7.66302490234375,5.884018421173096,93.3436279296875,-1.8050367832183838,1.5382370948791504,5.624330997467041,4.146386623382568,3.3918042182922363,28.696861267089844,1.2874317169189453,3.0431437492370605,10.918205261230469,2.3966047763824463,2.5905845165252686,12.454842567443848,-4.085361957550049,2.9145195484161377,25.184602737426758,move
sub_07_trial_017,sub_07,17,-2.132526159286499,2.783446788787842,12.295242309570312,-1.2790011167526245,3.02467679977417,10.784513473510742,-1.8489189147949219,4.425130844116211,23.000282287597656,0.04497280716896057,2.178062915802002,4.745981216430664,-2.0953476428985596,4.687286376953125,26.361133575439453,5.964832305908203,3.307323455810547,46.517608642578125,-0.19828292727470398,2.3266046047210693,5.4524054527282715,1.1151952743530273,1.5958625078201294,3.790437936782837,rest
sub_07_trial_018,sub_07,18,-1.149411678314209,2.504913091659546,7.595737457275391,0.3791643977165222,2.6722257137298584,7.2845563888549805,-0.446568101644516,3.9639945030212402,15.912675857543945,0.8844174742698669,2.015749454498291,4.84544038772583,-5.353742599487305,4.277491569519043,46.95949172973633,-1.274336338043213,2.3729758262634277,7.254948139190674,-5.7193498611450195,3.530308723449707,45.174041748046875,0.23469918966293335,1.9036482572555542,3.6789605617523193,rest
sub_07_trial_019,sub_07,19,0.6041432023048401,2.821259021759033,8.324491500854492,2.4323389530181885,2.6730422973632812,13.06142807006836,0.1929648369550705,4.3603973388671875,19.05030059814453,-0.6140176057815552,2.4679648876190186,6.467868328094482,-3.3759827613830566,4.498806476593018,31.636524200439453,0.6742886304855347,3.3409886360168457,11.616870880126953,3.323068618774414,3.6589956283569336,24.431034088134766,1.250152349472046,1.6452915668487549,4.269865036010742,rest
sub_07_trial_020,sub_07,20,3.1660757064819336,2.5781664848327637,16.670976638793945,-0.5109754204750061,2.111358642578125,4.718931198120117,3.1342759132385254,3.487969398498535,21.989614486694336,3.939053773880005,2.560299873352051,22.07128143310547,4.242770671844482,4.491815567016602,38.17750930786133,0.5392462015151978,2.8586788177490234,8.462830543518066,-0.7098740339279175,2.5617246627807617,7.066354274749756,0.9117997884750366,1.6542714834213257,3.567992925643921,rest
sub_07_trial_021,sub_07,21,3.2653603553771973,3.916097640991211,25.998397827148438,2.264810562133789,2.1240134239196777,9.640798568725586,1.79608154296875,4.767026424407959,25.950450897216797,1.243382453918457,1.8956358432769775,5.139435291290283,3.02677059173584,3.5216846466064453,21.563602447509766,3.4181325435638428,2.7953224182128906,19.49745750427246,5.047901153564453,3.081256866455078,34.97544860839844,0.3409374952316284,2.4575631618499756,6.155855655670166,move
sub_07_trial_022,sub_07,22,2.532151699066162,2.7349953651428223,13.891990661621094,-1.5097721815109253,2.1554434299468994,6.925349235534668,3.8824663162231445,4.165677070617676,32.426414489746094,-1.258139729499817,2.03769850730896,5.7351298332214355,1.9038183689117432,4.405905246734619,23.036523818969727,0.35674893856048584,2.5725958347320557,6.745519161224365,5.953009605407715,4.524336814880371,55.90794372558594,-2.7869162559509277,2.3430590629577637,13.256827354431152,rest
sub_07_trial_023,sub_07,23,7.313318729400635,4.00982666015625,69.56334686279297,3.025160551071167,2.0626862049102783,13.406271934509277,7.425785541534424,4.548332214355469,75.82962799072266,5.281923294067383,3.2672207355499268,38.57344436645508,-2.5923895835876465,3.381147623062134,18.15264320373535,3.14870285987854,3.0487477779388428,19.20919418334961,-1.8408846855163574,4.450496196746826,23.19577407836914,-0.0429912731051445,2.683089256286621,7.2008161544799805,move
sub_07_trial_024,sub_07,24,0.637053370475769,2.639451503753662,7.372541427612305,-2.2684102058410645,2.242449998855591,10.17426586151123,-1.9434155225753784,4.165560722351074,21.12875747680664,-0.7767118215560913,2.090742349624634,4.974485397338867,8.74297046661377,5.491337299346924,106.59431457519531,-2.4917221069335938,2.865527629852295,14.419928550720215,4.551355361938477,2.5711770057678223,27.325788497924805,2.33449649810791,2.40519642829895,11.234844207763672,rest
sub_07_trial_025,sub_07,25,-8.550522804260254,3.889427661895752,88.23908233642578,-1.8456025123596191,2.7791543006896973,11.129947662353516,-6.785384654998779,4.627947807312012,67.45934295654297,-3.1522934436798096,2.588411808013916,16.63682746887207,-4.67216157913208,4.319233417510986,40.4848747253418,4.591540813446045,2.3006703853607178,26.375335693359375,3.461974620819092,2.4818217754364014,18.14470672607422,0.6040052175521851,2.3225257396698,5.75894832611084,rest
sub_07_trial_026,sub_07,26,3.06646728515625,3.2750582695007324,20.129228591918945,-1.6624038219451904,2.2280030250549316,7.727583885192871,5.702059268951416,5.146231174468994,58.997169494628906,-0.5288804173469543,2.143625259399414,4.874843597412109,-5.366433620452881,4.707717418670654,50.96122360229492,-2.4751603603363037,2.4946517944335938,12.349706649780273,-2.602947473526001,3.223921537399292,17.16900634765625,4.157777309417725,2.216304302215576,22.19911766052246,rest
sub_07_trial_027,sub_07,27,-1.7774062156677246,2.6291120052337646,10.071403503417969,-1.5559741258621216,2.8663010597229004,10.636735916137695,-2.0539159774780273,3.1680679321289062,14.255224227905273,1.0917805433273315,1.9271036386489868,4.9057135581970215,1.726972222328186,4.926427364349365,27.252120971679688,-1.0700395107269287,2.49705171585083,7.380250930786133,-2.645834445953369,2.5328993797302246,13.416019439697266,0.13781283795833588,2.491323709487915,6.225686550140381,move
sub_07_trial_028,sub_07,28,-5.023582935333252,3.14382004737854,35.119991302490234,-2.5182271003723145,2.068450689315796,10.619956016540527,-2.4344160556793213,3.869546890258789,20.8997745513916,-1.8949382305145264,1.9770264625549316,7.499425411224365,-6.154672622680664,4.960300922393799,62.484588623046875,1.956893801689148,2.3754701614379883,9.472291946411133,-0.9284246563911438,2.4251153469085693,6.743157386779785,0.9514368772506714,2.3522355556488037,6.438244342803955,rest
sub_07_trial_029,sub_07,29,-6.130161762237549,5.002682209014893,62.605716705322266,-2.791886806488037,2.245276689529419,12.835898399353027,-8.015499114990234,6.478043556213379,106.21326446533203,-2.1758687496185303,2.5711331367492676,11.345130920410156,-4.529247283935547,3.78117299079895,34.81134796142578,2.8744776248931885,3.0106828212738037,17.326831817626953,-0.4736005365848541,2.230971574783325,5.201531410217285,0.12103051692247391,1.789699912071228,3.2176742553710938,move
sub_07_trial_030,sub_07,30,2.9128966331481934,2.247978687286377,13.538375854492188,-2.7404775619506836,4.412024974822998,26.97618293762207,2.7496304512023926,3.4210588932037354,19.264108657836914,1.602644920349121,1.6113866567611694,5.165038108825684,-6.004874229431152,3.9312074184417725,51.512908935546875,-2.576612710952759,4.0635271072387695,23.151182174682617,-3.817789316177368,2.5095818042755127,20.873516082763672,2.3244125843048096,1.819002628326416,8.711664199829102,move
sub_07_trial_031,sub_07,31,-5.349647521972656,2.9249091148376465,37.173824310302734,0.08203189074993134,2.0135250091552734,4.061012268066406,-5.825559616088867,4.233669281005859,51.8610954284668,3.084338665008545,2.9244847297668457,18.065757751464844,-7.2805867195129395,3.926645278930664,68.42549896240234,3.0276384353637695,2.9231231212615967,17.71124267578125,-2.884734869003296,3.4325876235961914,20.104352951049805,-3.3704257011413574,2.857417345046997,19.52460289001465,move
sub_07_trial_032,sub_07,32,2.200472593307495,2.245335817337036,9.883612632751465,3.873182773590088,2.7559900283813477,22.597026824951172,8.247669219970703,4.539272785186768,88.62903594970703,-0.6718074679374695,1.8440414667129517,3.851814031600952,-3.1324899196624756,3.568413257598877,22.54606819152832,7.048155307769775,4.28402042388916,68.02932739257812,2.7930071353912354,2.2605390548706055,12.91092586517334,2.4090490341186523,1.7982808351516724,9.03732967376709,move
sub_07_trial_033,sub_07,33,0.8041899800300598,2.3953685760498047,6.384511947631836,-2.1387107372283936,2.8460519313812256,12.67409610748291,0.9151787757873535,2.989192247390747,9.77282428741455,-0.8883488774299622,1.9182156324386597,4.468714714050293,8.850822448730469,4.678119659423828,100.22185516357422,0.10917706042528152,2.5803098678588867,6.669918537139893,0.8932795524597168,2.3207173347473145,6.183677673339844,2.4044806957244873,1.7316995859146118,8.780311584472656,move
sub_07_trial_034,sub_07,34,2.0079007148742676,3.2702858448028564,14.726433753967285,0.9512283205986023,2.849597215652466,9.025038719177246,5.81236457824707,6.1594624519348145,71.72256469726562,-0.14020352065563202,2.162885904312134,4.697732448577881,0.9645480513572693,4.103586196899414,17.769771575927734,-3.1226553916931152,5.100170135498047,35.76271057128906,-2.805044174194336,4.151147842407227,25.100297927856445,2.6426475048065186,2.543811082839966,13.454561233520508,rest
sub_07_trial_035,sub_07,35,-0.6555909514427185,2.2027955055236816,5.282106876373291,2.225125312805176,3.9935500621795654,20.899621963500977,-0.5785657167434692,2.7964696884155273,8.154979705810547,4.018583297729492,2.6732664108276367,23.295366287231445,-2.552039384841919,3.7513625621795654,20.58562660217285,5.787602424621582,4.942405700683594,57.923709869384766,3.328176736831665,3.708355188369751,24.828657150268555,-1.197039008140564,1.7105799913406372,4.3589863777160645,move
sub_07_trial_036,sub_07,36,-4.090363502502441,2.7022597789764404,24.033281326293945,-3.798788070678711,2.4956347942352295,20.65898323059082,-4.8547186851501465,4.224777698516846,41.41703796386719,3.3082118034362793,3.169626474380493,20.99079704284668,-0.33045366406440735,4.7069315910339355,22.264404296875,2.2258262634277344,2.7525815963745117,12.531007766723633,0.5707460641860962,2.9611012935638428,9.0938720703125,-2.1651172637939453,1.9040659666061401,8.313199043273926,rest
sub_07_trial_037,sub_07,37,-3.9224579334259033,3.277631998062134,26.12854766845703,3.047498941421509,3.051532030105591,18.599098205566406,-1.1929664611816406,3.844888925552368,16.206340789794922,-0.9146780371665955,2.144075393676758,5.433695316314697,-8.138117790222168,4.919638633728027,90.43179321289062,8.187589645385742,4.748265266418457,89.58265686035156,0.5883247256278992,3.321408271789551,11.377881050109863,-2.0857532024383545,2.0214712619781494,8.436713218688965,rest
sub_07_trial_038,sub_07,38,1.6165306568145752,3.394324541091919,14.13460922241211,1.0525556802749634,2.160526752471924,5.775749683380127,1.2423304319381714,3.5290613174438477,13.997657775878906,1.932559847831726,1.9646302461624146,7.594559669494629,1.7491306066513062,3.6457786560058594,16.351158142089844,0.08739611506462097,4.021024227142334,16.1762752532959,1.3797738552093506,2.9221818447113037,10.442922592163086,-0.8841145038604736,2.5968375205993652,7.5252227783203125,move
sub_07_trial_039,sub_07,39,-2.1693623065948486,2.416579484939575,10.545989036560059,-0.07675671577453613,2.1594841480255127,4.66926383972168,-0.9617841839790344,3.3391060829162598,12.074658393859863,0.41358616948127747,2.2123987674713135,5.065761566162109,-3.003476858139038,3.3478903770446777,20.2292423248291,-5.034888744354248,3.8749570846557617,40.36539077758789,-2.886760711669922,2.8352506160736084,16.372034072875977,0.2929442524909973,1.5130261182785034,2.3750643730163574,move
sub_08_trial_000,sub_08,0,-0.8425487875938416,2.68536114692688,7.921051979064941,2.132056474685669,2.610025405883789,11.35789680480957,4.621115207672119,4.113794803619385,38.27801513671875,0.2135414481163025,2.4452199935913086,6.024701118469238,-6.979588031768799,5.4845170974731445,78.79456329345703,4.092220306396484,3.088658332824707,26.286075592041016,4.945981979370117,2.2667770385742188,29.601016998291016,-0.7910451889038086,2.497493028640747,6.863224983215332,move
sub_08_trial_001,sub_08,1,-4.188047885894775,2.9562575817108154,26.279207229614258,2.97064208984375,2.8477346897125244,16.934309005737305,-4.760704517364502,3.7824041843414307,36.97088623046875,-1.3823585510253906,2.9661059379577637,10.708701133728027,5.76969051361084,4.397886276245117,52.630733489990234,4.797106742858887,3.8448312282562256,37.794960021972656,-2.8440873622894287,2.717698335647583,15.474719047546387,1.0464824438095093,3.139162302017212,10.949464797973633,rest
sub_08_trial_002,sub_08,2,-2.801602602005005,3.694141149520874,21.495655059814453,-3.086296319961548,3.1067519187927246,19.177135467529297,0.665327250957489,2.633768320083618,7.379395484924316,2.349212169647217,3.7613332271575928,19.666423797607422,-7.203210830688477,4.446561336517334,71.65815734863281,-0.6485413908958435,3.3246357440948486,11.473809242248535,2.30557918548584,2.5638701915740967,11.889124870300293,4.292040824890137,4.303393363952637,36.94081115722656,rest
sub_08_trial_003,sub_08,3,-10.457480430603027,4.983242988586426,134.19158935546875,3.11618709564209,3.344116449356079,20.893735885620117,4.4488396644592285,3.371591806411743,31.159809112548828,3.1639647483825684,3.5910487174987793,22.90630531311035,3.22213077545166,3.185007333755493,20.526397705078125,5.176832675933838,3.4008772373199463,38.365562438964844,0.20686177909374237,1.8193480968475342,3.3528192043304443,3.707836866378784,2.9186103343963623,22.266342163085938,move
sub_08_trial_004,sub_08,4,1.5710488557815552,2.6802103519439697,9.651721000671387,9.287968635559082,6.076170444488525,123.18620300292969,6.941280364990234,4.290195941925049,66.58715057373047,4.482292175292969,3.511171340942383,32.41926574707031,-6.062938213348389,5.111565113067627,62.88731384277344,5.149382591247559,4.5006303787231445,46.771812438964844,-4.07260274887085,2.7750351428985596,24.28691291809082,-4.6298956871032715,2.9821414947509766,30.329097747802734,rest
sub_08_trial_005,sub_08,5,-5.271296977996826,3.6075072288513184,40.80067825317383,-1.9434562921524048,3.8781282901763916,18.81690216064453,0.29017093777656555,3.0781607627868652,9.559272766113281,2.812760829925537,4.613913059234619,29.199817657470703,1.0054163932800293,4.573357582092285,21.92645835876465,-4.545844554901123,3.8454174995422363,35.451942443847656,-3.190140724182129,2.4772417545318604,16.313724517822266,4.469244003295898,2.9599621295928955,28.735519409179688,rest
sub_08_trial_006,sub_08,6,7.942167282104492,3.6776108741760254,76.60284423828125,-6.025580883026123,2.8681986331939697,44.5341911315918,-2.3948147296905518,3.290828227996826,16.564687728881836,-3.3548285961151123,3.576237440109253,24.044349670410156,-2.6489057540893555,4.596931457519531,28.148481369018555,-6.486575126647949,3.363556385040283,53.3891716003418,-2.3380532264709473,2.7366714477539062,12.955862998962402,-0.358641117811203,2.402118682861328,5.898797988891602,rest
sub_08_trial_007,sub_08,7,-2.36387038230896,3.862443685531616,20.5063533782959,-1.2900646924972534,2.6106173992156982,8.479589462280273,0.6159334182739258,2.259850263595581,5.486297130584717,6.506241321563721,3.956265926361084,57.983211517333984,-3.0278241634368896,3.7766058444976807,23.430469512939453,-3.274911403656006,3.405510425567627,22.322546005249023,0.6804885268211365,2.6139402389526367,7.295748710632324,7.145947456359863,3.979015350341797,66.89712524414062,move
sub_08_trial_008,sub_08,8,-1.5186171531677246,4.044233798980713,18.662025451660156,-2.9780631065368652,2.6703102588653564,15.999417304992676,2.8796029090881348,3.0785787105560303,17.769760131835938,2.1675937175750732,2.8722243309020996,12.948135375976562,-2.562948226928711,2.7817907333374023,14.307062149047852,-2.037400007247925,3.177518844604492,14.247625350952148,1.1018236875534058,2.1371936798095703,5.781612396240234,1.047183871269226,2.363821029663086,6.684243202209473,move
sub_08_trial_009,sub_08,9,-3.611328601837158,2.8658347129821777,21.254703521728516,4.703129291534424,3.6669270992279053,35.56578063964844,-2.9096529483795166,2.335465431213379,13.920477867126465,1.139775037765503,2.747576951980591,8.8482666015625,2.614689826965332,3.1459498405456543,16.733600616455078,5.406974792480469,3.551340103149414,41.847389221191406,-0.8988515734672546,3.5074238777160645,13.109957695007324,1.9485175609588623,2.7659618854522705,11.447265625,move
sub_08_trial_010,sub_08,10,3.8114728927612305,3.1561460494995117,24.48858642578125,4.844115734100342,3.486222267150879,35.61920166015625,-5.728229999542236,3.734095811843872,46.75608825683594,2.8672797679901123,3.7337708473205566,22.162338256835938,1.8590439558029175,3.3424105644226074,14.627754211425781,-0.950342059135437,3.1824252605438232,11.030981063842773,-8.089946746826172,4.304933071136475,83.97969055175781,-1.729554295539856,2.7958240509033203,10.807990074157715,move
sub_08_trial_011,sub_08,11,-2.1697885990142822,2.556762933731079,11.24501895904541,3.1645572185516357,2.857513427734375,18.1798038482666,0.0736992210149765,2.793991804122925,7.811821937561035,-1.2245075702667236,2.557363748550415,8.039528846740723,1.5734328031539917,3.862391710281372,17.393762588500977,2.932204484939575,2.869391679763794,16.831233978271484,-3.1289851665496826,2.352328062057495,15.323995590209961,-6.28487491607666,3.440084218978882,51.33383560180664,move
sub_08_trial_012,sub_08,12,2.0030863285064697,4.000025749206543,20.01255989074707,4.533851623535156,3.4809627532958984,32.672908782958984,-3.7953872680664062,3.056802749633789,23.749008178710938,-0.5806304812431335,2.424875497817993,6.217152118682861,9.31281852722168,5.074661731719971,112.48078155517578,0.01410998497158289,3.639958620071411,13.249496459960938,-4.112248420715332,2.464067220687866,22.98221206665039,1.6915810108184814,2.591904878616333,9.57941722869873,move
sub_08_trial_013,sub_08,13,-0.7436622381210327,2.845994234085083,8.652717590332031,0.4155093729496002,3.060197353363037,9.537454605102539,4.115575313568115,3.5305585861206055,29.40280532836914,-2.451120138168335,2.2544686794281006,11.090617179870605,-0.6140468716621399,3.843602180480957,15.150331497192383,1.7601693868637085,2.7747182846069336,10.797257423400879,-0.45488646626472473,2.0890042781829834,4.570860862731934,-3.7327613830566406,2.924797773361206,22.48794937133789,move
sub_08_trial_014,sub_08,14,4.981248378753662,3.705549955368042,38.5439338684082,1.5327383279800415,2.8652992248535156,10.559226989746094,-3.3212149143218994,2.3899011611938477,16.742095947265625,-0.9183622002601624,3.099306583404541,10.449090003967285,-0.9430906772613525,3.5855603218078613,13.745661735534668,1.1296559572219849,3.1504099369049072,11.201205253601074,3.292800188064575,3.0336296558380127,20.045438766479492,4.488992214202881,2.6109845638275146,26.968292236328125,rest
sub_08_trial_015,sub_08,15,0.35958921909332275,2.490770101547241,6.3332390785217285,0.9950425028800964,2.924058198928833,9.540225982666016,0.3536885380744934,2.1637141704559326,4.806755065917969,3.483443260192871,2.9040160179138184,20.567686080932617,-1.3273730278015137,3.011658191680908,10.832005500793457,-1.9227654933929443,3.0587122440338135,13.05274772644043,-4.417475700378418,2.593898057937622,26.242399215698242,0.20372989773750305,2.5043232440948486,6.313140392303467,move
sub_08_trial_016,sub_08,16,-1.8859981298446655,3.2655091285705566,14.220541000366211,1.6077380180358887,3.5278537273406982,15.030572891235352,-3.602848529815674,2.1969752311706543,17.807218551635742,2.410428285598755,3.6926023960113525,19.44547462463379,2.898693799972534,5.259542465209961,36.065216064453125,3.0194475650787354,3.8110146522521973,23.640893936157227,0.6397511959075928,2.2338430881500244,5.399336814880371,2.5657925605773926,2.6864538192749023,13.800326347351074,move
sub_08_trial_017,sub_08,17,-9.334681510925293,3.6900973320007324,100.75312042236328,-3.22082781791687,2.870206117630005,18.61181640625,1.935869574546814,2.583763837814331,10.423425674438477,2.0967957973480225,2.268430233001709,9.542327880859375,-0.2662237584590912,3.3767356872558594,11.47321891784668,-0.8981843590736389,3.2759947776794434,11.538877487182617,0.9393672347068787,2.389672040939331,6.59294319152832,1.7311623096466064,2.232142448425293,7.9793829917907715,move
sub_08_trial_018,sub_08,18,8.00374698638916,4.118936538696289,81.02560424804688,5.88201379776001,3.6627418994903564,48.01375961303711,-2.8327367305755615,2.058603525161743,12.262246131896973,-2.4514100551605225,2.6485729217529297,13.024349212646484,0.8690888285636902,3.0814595222473145,10.250706672668457,1.4742156267166138,3.1696419715881348,12.219941139221191,-1.401888370513916,1.7132606506347656,4.900552749633789,-3.0598056316375732,2.4587371349334717,15.407800674438477,move
sub_08_trial_019,sub_08,19,-0.6280171871185303,2.8807945251464844,8.693382263183594,-2.614983558654785,2.783299207687378,14.584894180297852,5.266355514526367,3.0645811557769775,37.12615966796875,-5.673086166381836,4.493438720703125,52.37489700317383,-7.213997840881348,5.510592460632324,82.40839385986328,1.3183943033218384,2.886775016784668,10.071633338928223,2.028931140899658,1.6995089054107666,7.004891395568848,-2.5137529373168945,3.0300092697143555,15.49991226196289,rest
sub_08_trial_020,sub_08,20,4.791247367858887,3.822876214981079,37.5704345703125,0.024830657988786697,3.1039693355560303,9.635241508483887,1.461815595626831,2.7513937950134277,9.707072257995605,1.9076602458953857,2.9078783988952637,12.094923973083496,0.17780248820781708,4.126402378082275,17.05881118774414,-3.954622507095337,3.0155551433563232,24.732614517211914,-0.7309806942939758,1.9196873903274536,4.219532012939453,-0.6204341053962708,2.834956645965576,8.421917915344238,rest
sub_08_trial_021,sub_08,21,2.397614002227783,3.0448358058929443,15.019577980041504,0.7956808805465698,2.805094003677368,8.501660346984863,-3.0474777221679688,2.709157943725586,16.626657485961914,2.193058490753174,3.0569958686828613,14.154730796813965,2.5376973152160645,3.897379159927368,21.629470825195312,-1.5093457698822021,3.4849627017974854,14.423090934753418,1.6133257150650024,1.9508429765701294,6.408608436584473,1.4288874864578247,2.6131479740142822,8.870262145996094,rest
sub_08_trial_022,sub_08,22,6.319009780883789,3.342949867248535,51.105194091796875,-1.8691262006759644,3.296408176422119,14.359939575195312,-3.3792219161987305,2.1978774070739746,16.24980354309082,-4.4582624435424805,2.428666830062866,25.774524688720703,0.9675030708312988,3.3222856521606445,11.97364330291748,-1.6192187070846558,3.4699065685272217,14.662120819091797,-1.6592973470687866,2.159905433654785,7.418458938598633,-2.9553492069244385,2.670321464538574,15.864705085754395,move
sub_08_trial_023,sub_08,23,-2.992159128189087,2.9682252407073975,17.763378143310547,-3.806896448135376,4.004913806915283,30.531797409057617,-2.8420908451080322,2.4824392795562744,14.239985466003418,-1.9271113872528076,3.0713083744049072,13.146693229675293,3.785107374191284,3.545578956604004,26.898168563842773,2.9446938037872314,3.9699084758758545,24.431396484375,4.069593906402588,1.9708224534988403,20.445737838745117,2.9672672748565674,2.748791456222534,16.36052894592285,rest
sub_08_trial_024,sub_08,24,-7.357726573944092,3.2510735988616943,64.70561218261719,-1.147201657295227,2.6638596057891846,8.412219047546387,6.517088890075684,3.576897621154785,55.26664352416992,5.096920967102051,2.8246710300445557,33.95736312866211,-0.36472052335739136,3.3823394775390625,11.573240280151367,-3.8980188369750977,3.82930850982666,29.858152389526367,-1.5409983396530151,3.1213767528533936,12.117668151855469,5.23600959777832,2.9069173336029053,35.865970611572266,move
sub_08_trial_025,sub_08,25,-7.559144020080566,2.915233850479126,65.63925170898438,-7.571845531463623,3.102919340133667,66.96095275878906,2.860691785812378,3.6534156799316406,21.531003952026367,-7.354012489318848,3.5116264820098877,66.41303253173828,-0.38745245337486267,4.39290189743042,19.447702407836914,2.196265935897827,3.1845645904541016,14.965035438537598,6.633794784545898,2.963109254837036,52.78725051879883,-3.038801908493042,3.22721791267395,19.649253845214844,rest
sub_08_trial_026,sub_08,26,-0.38659942150115967,2.574052572250366,6.775205135345459,2.514136791229248,3.049459218978882,15.620083808898926,0.4426417052745819,2.3037612438201904,5.50324821472168,-4.497865676879883,3.502300977706909,32.496910095214844,2.48702073097229,2.8474364280700684,14.293166160583496,4.172591686248779,3.3606576919555664,28.70454216003418,-1.334324598312378,2.0620076656341553,6.0322980880737305,-8.03181266784668,4.801283359527588,87.56233215332031,move
sub_08_trial_027,sub_08,27,3.0758509635925293,3.245690107345581,19.995363235473633,-5.989075660705566,3.0308752059936523,45.05523681640625,-2.559243679046631,2.392408847808838,12.273348808288574,-2.0490214824676514,2.27543044090271,9.37607192993164,-2.1352829933166504,3.576066255569458,17.34768295288086,-5.142246246337891,3.560795783996582,39.12195587158203,-2.0509486198425293,2.182251453399658,8.968612670898438,3.1881823539733887,3.348694086074829,21.378257751464844,move
sub_08_trial_028,sub_08,28,-1.6906771659851074,2.915587902069092,11.359041213989258,-4.532749176025391,2.7934720516204834,28.349300384521484,-2.4216840267181396,3.7260916233062744,19.74831199645996,-3.62756085395813,3.1817877292633057,23.282970428466797,-0.04151733219623566,4.02175760269165,16.17625617980957,1.510036826133728,4.292557239532471,20.706260681152344,5.518387794494629,2.905665397644043,38.8954963684082,-1.2599098682403564,2.327246904373169,7.003452301025391,rest
sub_08_trial_029,sub_08,29,8.875138282775879,5.260087013244629,106.43660736083984,1.701750636100769,3.585766315460205,15.753676414489746,-0.5886005759239197,2.637226104736328,7.301413536071777,0.6943637132644653,2.787008285522461,8.249555587768555,-2.348240852355957,5.049145221710205,31.008106231689453,-6.030319690704346,5.683871269226074,68.67115020751953,-5.742404460906982,2.7633206844329834,40.611148834228516,-0.45539799332618713,2.1428444385528564,4.799170017242432,rest
sub_08_trial_030,sub_08,30,-9.693161964416504,5.44018030166626,123.55294799804688,-1.5352176427841187,3.3729255199432373,13.7335205078125,2.921546459197998,3.0016369819641113,17.545257568359375,5.353744983673096,3.930448293685913,44.11100769042969,0.10856413096189499,4.455642223358154,19.864530563354492,-2.151827812194824,3.3710055351257324,15.994041442871094,1.66557776927948,1.7939307689666748,5.992336750030518,3.6431057453155518,3.1929054260253906,23.46686363220215,rest
sub_08_trial_031,sub_08,31,-5.104272365570068,2.632918119430542,32.98585510253906,-6.765054225921631,4.028110980987549,61.991634368896484,-4.0816121101379395,2.76739764213562,24.31804656982422,0.4877395033836365,3.135727882385254,10.0706787109375,3.024472236633301,4.9636735916137695,33.785484313964844,-5.102439880371094,3.2793946266174316,36.78932189941406,-1.164443016052246,1.8815280199050903,4.896075248718262,3.788693904876709,2.465891122817993,20.434816360473633,rest
sub_08_trial_032,sub_08,32,0.3691719174385071,2.99979567527771,9.135061264038086,0.9430840015411377,3.124692440032959,10.65311050415039,3.18259859085083,2.559215784072876,16.67852020263672,-4.140944004058838,4.246634483337402,35.18131637573242,-1.5042216777801514,3.251164436340332,12.832752227783203,0.30161234736442566,2.8535566329956055,8.233756065368652,-1.8919647932052612,1.9285285472869873,7.29875373840332,-2.0026700496673584,2.334148645401001,9.458937644958496,move
sub_08_trial_033,sub_08,33,-1.1385810375213623,2.7638726234436035,8.935359001159668,-0.1891849935054779,2.704280376434326,7.348922252655029,3.9418540000915527,2.87176251411438,23.785232543945312,-1.5409001111984253,3.0879244804382324,11.909652709960938,2.661703586578369,3.8359944820404053,21.799518585205078,-1.2876085042953491,3.1600182056427,11.64365005493164,2.3073341846466064,1.7379764318466187,8.344353675842285,2.115751028060913,2.721266269683838,11.881691932678223,rest
sub_08_trial_034,sub_08,34,-3.4926254749298096,4.095291614532471,28.9698429107666,2.089996576309204,3.320429563522339,15.393338203430176,-4.316633224487305,3.3112871646881104,29.597946166992188,-4.501206398010254,2.8891232013702393,28.607894897460938,8.497209548950195,5.161534786224365,98.84402465820312,8.437423706054688,3.72338604927063,85.05372619628906,4.13981819152832,2.1404292583465576,21.71953582763672,-1.9143247604370117,2.6311209201812744,10.587437629699707,rest
sub_08_trial_035,sub_08,35,-5.841528415679932,4.0890703201293945,50.84395217895508,-0.5349074006080627,3.1564035415649414,10.249008178710938,-1.6998931169509888,2.7458109855651855,10.429115295410156,6.260965824127197,4.725643157958984,61.53139114379883,1.645160436630249,3.6259851455688477,15.854320526123047,-3.547553777694702,3.963974714279175,28.29823112487793,-6.76192569732666,3.1977033615112305,55.94894790649414,5.907878875732422,3.9215846061706543,50.281864166259766,rest
sub_08_trial_036,sub_08,36,3.11668062210083,2.825638771057129,17.69793128967285,0.26013821363449097,3.019996166229248,9.188048362731934,1.133435845375061,2.7198867797851562,8.682459831237793,-1.2395321130752563,2.782219409942627,9.277183532714844,1.5103527307510376,4.299774646759033,20.769227981567383,3.1051816940307617,3.486628293991089,21.79872703552246,5.092710971832275,2.8272323608398438,33.9289436340332,-0.7156159281730652,2.1929829120635986,5.321280479431152,move
sub_08_trial_037,sub_08,37,1.5328603982925415,3.119353771209717,12.08002758026123,4.282243251800537,6.207928657531738,56.87598419189453,-1.5150036811828613,3.1145122051239014,11.995421409606934,0.2118092179298401,2.9761643409729004,8.902416229248047,2.9968693256378174,5.38884973526001,38.02093505859375,3.349479913711548,4.143010139465332,28.383546829223633,-2.929734706878662,3.077302932739258,18.053136825561523,-4.360080242156982,3.2416489124298096,29.518585205078125,rest
sub_08_trial_038,sub_08,38,1.541831135749817,2.526611566543579,8.761008262634277,-4.2204461097717285,3.7903592586517334,32.178993225097656,-2.0667924880981445,2.6602208614349365,11.348405838012695,0.7975075840950012,2.321814775466919,6.026841640472412,0.9260992407798767,3.614168405532837,13.919873237609863,-1.813451886177063,3.7749030590057373,17.53849983215332,0.2962738573551178,1.770639181137085,3.2229413986206055,3.1999242305755615,3.2810592651367188,21.004863739013672,move
sub_08_trial_039,sub_08,39,3.409759521484375,3.4542007446289062,23.557958602905273,1.46370530128479,2.857393503189087,10.30713176727295,-0.7923545241355896,3.030027389526367,9.808892250061035,-1.514743447303772,3.1057612895965576,11.940199851989746,-3.340670585632324,4.26595401763916,29.358444213867188,5.736997127532959,4.320801258087158,51.582454681396484,1.5296698808670044,2.6270759105682373,9.241418838500977,-3.3262012004852295,2.6767258644104004,18.228479385375977,rest
sub_09_trial_000,sub_09,0,-0.7830370664596558,2.65678071975708,7.671630382537842,3.1720786094665527,2.849418878555298,18.1812686920166,2.5793964862823486,2.9928367137908936,15.610358238220215,4.584178447723389,2.901484251022339,29.433300018310547,-0.7551575899124146,2.2042441368103027,5.428955078125,-3.8632051944732666,2.7877161502838135,22.69571304321289,-3.9034409523010254,2.2731900215148926,20.40424156188965,-1.1638137102127075,2.646703004837036,8.359498023986816,move
sub_09_trial_001,sub_09,1,1.5776828527450562,2.5813581943511963,9.152493476867676,1.0292264223098755,2.966442823410034,9.859090805053711,0.7244423627853394,2.591914653778076,7.2428388595581055,0.7024481892585754,3.1410160064697266,10.359415054321289,4.458399772644043,2.591649293899536,26.593976974487305,-1.6058266162872314,3.5613553524017334,15.261930465698242,4.3232421875,2.710585594177246,26.037696838378906,0.3976636826992035,2.5879318714141846,6.855527400970459,move
sub_09_trial_002,sub_09,2,-1.7063850164413452,2.988567590713501,11.843287467956543,-8.931548118591309,6.0153584480285645,115.95707702636719,-4.7273478507995605,4.0588579177856445,38.822139739990234,-3.475083589553833,3.7900443077087402,26.440641403198242,-3.9791786670684814,3.6100049018859863,28.86600112915039,5.227363109588623,4.747557163238525,49.86463165283203,5.127644062042236,3.933228015899658,41.76301956176758,5.4435811042785645,4.376372337341309,48.78520202636719,move
sub_09_trial_003,sub_09,3,1.0291121006011963,2.508510112762451,7.351694107055664,-3.710641860961914,4.514095783233643,34.14592742919922,-0.7541874051094055,2.416074514389038,6.406214237213135,0.02811395190656185,2.481405735015869,6.15816593170166,-1.072465419769287,2.2433173656463623,6.182655334472656,0.49462562799453735,2.798250913619995,8.074862480163574,-0.38646528124809265,2.105656623840332,4.583145618438721,1.8711093664169312,3.249884843826294,14.062801361083984,move
sub_09_trial_004,sub_09,4,2.279301404953003,3.0008163452148438,14.200113296508789,2.7667837142944336,2.390916347503662,13.37157154083252,2.268048048019409,3.2225096225738525,15.528609275817871,3.4033379554748535,3.87646746635437,26.609710693359375,-3.4310600757598877,2.772029161453247,19.45631980895996,-0.7006518840789795,3.230842113494873,10.929251670837402,-5.260173320770264,3.1119983196258545,37.35395812988281,-0.927743673324585,3.2182419300079346,11.217788696289062,rest
sub_09_trial_005,sub_09,5,1.9543689489364624,2.968829870223999,12.633508682250977,1.0100948810577393,2.5060243606567383,7.300450325012207,0.43690329790115356,2.773542642593384,7.883424282073975,-4.763640880584717,2.8984549045562744,31.093318939208984,-1.7261711359024048,2.6361069679260254,9.928727149963379,6.472935676574707,3.189272165298462,52.070350646972656,0.3701987564563751,2.378937005996704,5.796388149261475,-3.740817070007324,2.9229226112365723,22.537189483642578,rest
sub_09_trial_006,sub_09,6,-2.8457274436950684,2.757748603820801,15.703341484069824,-5.159675598144531,2.698063611984253,33.901798248291016,-4.3730854988098145,2.9504241943359375,27.82887840270996,4.207106113433838,3.730552911758423,31.616764068603516,1.0394805669784546,3.835988998413086,15.795331954956055,-4.696962833404541,6.515025615692139,64.50703430175781,-1.473972201347351,2.479210376739502,8.319079399108887,4.727619171142578,4.711612224578857,44.549678802490234,rest
sub_09_trial_007,sub_09,7,-4.0149149894714355,3.820758581161499,30.717742919921875,-4.542910099029541,3.4344186782836914,32.43326187133789,-0.740311861038208,2.9673783779144287,9.353394508361816,0.29828765988349915,3.844031572341919,14.865554809570312,-1.0393078327178955,2.836148738861084,9.123899459838867,2.00068998336792,3.100870370864868,13.618158340454102,-0.23695190250873566,2.455699920654297,6.086608409881592,-2.0456974506378174,3.033578872680664,13.387478828430176,rest
sub_09_trial_008,sub_09,8,3.8203489780426025,3.443277597427368,26.45122718811035,0.8634812235832214,2.7385048866271973,8.24500846862793,2.033303737640381,3.597609043121338,17.07711410522461,1.5990954637527466,3.221632957458496,12.936025619506836,-4.012125492095947,3.287172794342041,26.90265655517578,11.631657600402832,6.897780895233154,182.87484741210938,-0.07804624736309052,2.304202079772949,5.3154377937316895,-7.786900520324707,4.777141094207764,83.45689392089844,move
sub_09_trial_009,sub_09,9,-2.0634398460388184,2.8628528118133545,12.45370864868164,-7.867267608642578,4.345774173736572,80.7796401977539,-4.975599765777588,3.2882425785064697,35.569129943847656,-0.12405622750520706,2.7778971195220947,7.732102870941162,-3.59932279586792,4.855396270751953,36.52999496459961,3.285937786102295,6.338653087615967,50.97591018676758,-0.6080459356307983,2.7231647968292236,7.785346984863281,4.505302906036377,3.222313642501831,30.681055068969727,move
sub_09_trial_010,sub_09,10,6.039873123168945,4.158753871917725,53.77529525756836,6.837136745452881,3.398653507232666,58.29728698730469,-0.506033182144165,3.066293716430664,9.658228874206543,-7.439664840698242,5.0702619552612305,81.05616760253906,-1.3417632579803467,3.480905771255493,13.917034149169922,10.14573860168457,5.140970230102539,129.36557006835938,4.193404197692871,3.2669317722320557,28.25748062133789,-3.8074111938476562,2.9384524822235107,23.130882263183594,rest
sub_09_trial_011,sub_09,11,-3.279559373855591,3.3306052684783936,21.84844207763672,-0.4962756335735321,2.2442100048065186,5.2827677726745605,-3.0565569400787354,3.081256866455078,18.83668327331543,-2.5182085037231445,3.1641056537628174,16.352937698364258,0.7591732740402222,2.644547462463379,7.56997537612915,2.3846585750579834,3.242805242538452,16.202383041381836,-0.17534543573856354,2.043849468231201,4.208066940307617,-3.8825368881225586,3.4170987606048584,26.75065803527832,rest
sub_09_trial_012,sub_09,12,3.142866849899292,4.390388011932373,29.153121948242188,-0.4029299020767212,2.6486918926239014,7.177920341491699,-2.3401803970336914,2.4716105461120605,11.585302352905273,-5.645059585571289,4.1283721923828125,48.91014862060547,-1.1554780006408691,2.2649502754211426,6.4651288986206055,-1.1210895776748657,3.1375045776367188,11.100775718688965,3.7942049503326416,3.242905378341675,24.912424087524414,4.79435396194458,4.171782970428467,40.38960266113281,move
sub_09_trial_013,sub_09,13,-3.2422890663146973,3.058295965194702,19.865612030029297,2.221522569656372,2.5793309211730957,11.588109970092773,-1.516097068786621,2.88309907913208,10.610810279846191,1.9830435514450073,2.589216709136963,10.636506080627441,-3.1894445419311523,3.7508397102355957,24.241352081298828,4.306281566619873,3.231168031692505,28.984514236450195,0.15549181401729584,2.593626022338867,6.751073360443115,-2.0156431198120117,2.4930331707000732,10.278031349182129,move
sub_09_trial_014,sub_09,14,1.9375696182250977,3.2988057136535645,14.636296272277832,-3.254714012145996,3.8798134326934814,25.646120071411133,-0.10828271508216858,3.1508328914642334,9.939472198486328,-2.3800952434539795,3.395240545272827,17.19251251220703,0.568973958492279,2.6209869384765625,7.193305015563965,4.47675895690918,3.231222152709961,30.48216438293457,5.399561405181885,3.5807666778564453,41.97715759277344,2.5497426986694336,4.500916957855225,26.759441375732422,rest
sub_09_trial_015,sub_09,15,-2.428663492202759,2.695136308670044,13.162166595458984,2.3387961387634277,3.0280418395996094,14.639004707336426,-8.90392780303955,3.998976945877075,95.27173614501953,-2.944617748260498,2.7288477420806885,16.117382049560547,-1.6051746606826782,2.491344690322876,8.7833833694458,1.1194835901260376,2.747713804244995,8.803174018859863,-3.4701833724975586,2.7332634925842285,19.512903213500977,1.3476765155792236,2.4507248401641846,7.82228422164917,move
sub_09_trial_016,sub_09,16,3.3922476768493652,3.2048392295837402,21.778337478637695,7.246643543243408,4.453998565673828,72.35194396972656,4.761439323425293,5.431865692138672,52.17646789550781,5.189159393310547,5.067068099975586,52.6025505065918,-0.04994243010878563,2.9292683601379395,8.583107948303223,-11.250292778015137,5.2714056968688965,154.35679626464844,-9.860637664794922,4.074328422546387,113.83232116699219,1.4186556339263916,4.250704765319824,20.081069946289062,rest
sub_09_trial_017,sub_09,17,-0.38168755173683167,2.4910690784454346,6.35111141204834,0.5971505641937256,3.278074264526367,11.102361679077148,-0.3660779893398285,3.266885995864868,10.806556701660156,-4.434803009033203,3.8223092555999756,34.277523040771484,-1.168189525604248,2.6291797161102295,8.277252197265625,1.1914814710617065,3.6664774417877197,14.86268424987793,0.31250932812690735,2.4468343257904053,6.08466100692749,0.6050501465797424,2.9098665714263916,8.833409309387207,rest
sub_09_trial_018,sub_09,18,0.9605803489685059,2.838946580886841,8.982332229614258,1.4055086374282837,2.7084596157073975,9.311208724975586,6.384261608123779,4.164034366607666,58.097984313964844,0.6356960535049438,2.771632194519043,8.086053848266602,2.1706528663635254,3.2762904167175293,15.445812225341797,2.947270393371582,3.320664882659912,19.713218688964844,3.271944761276245,3.625580310821533,23.850452423095703,-4.894694805145264,2.8214380741119385,31.918550491333008,rest
sub_09_trial_019,sub_09,19,0.21731427311897278,2.8210532665252686,8.00556755065918,-3.2748186588287354,2.595433473587036,17.460712432861328,-0.500434398651123,2.4544360637664795,6.274690628051758,-3.5599238872528076,2.8523201942443848,20.808788299560547,-4.597393989562988,3.198880434036255,31.368867874145508,0.6203393340110779,3.7282278537750244,14.284502029418945,-0.7776139378547668,2.4269747734069824,6.4948906898498535,5.460335731506348,2.7720518112182617,37.49953842163086,move
sub_09_trial_020,sub_09,20,0.8360520005226135,3.0215935707092285,9.829010963439941,-2.966010808944702,2.391775608062744,14.517812728881836,-3.334376335144043,2.503589153289795,17.386022567749023,-5.962239742279053,3.3015384674072266,46.44845962524414,0.8918386697769165,2.333242893218994,6.239398002624512,4.948986053466797,3.626155376434326,37.64146423339844,7.029879093170166,4.186349391937256,66.94470977783203,5.299081802368164,3.651772975921631,41.415714263916016,move
sub_09_trial_021,sub_09,21,-0.4002026319503784,4.114488124847412,17.089176177978516,10.26644515991211,4.529913902282715,125.92000579833984,4.150247097015381,3.161649703979492,27.220582962036133,-0.4537341892719269,3.1640429496765137,10.217042922973633,2.180767059326172,2.4824085235595703,10.918097496032715,-9.28315544128418,4.923725128173828,110.4200439453125,-6.142405986785889,3.3988304138183594,49.28119659423828,-1.7146663665771484,3.113126754760742,12.631640434265137,move
sub_09_trial_022,sub_09,22,-1.8669437170028687,2.832078456878662,11.506149291992188,1.017274022102356,2.3652772903442383,6.629382610321045,1.114083170890808,2.7863242626190186,9.004783630371094,-1.3735430240631104,3.1231844425201416,11.640901565551758,0.9500693082809448,3.1295549869537354,10.696745872497559,-2.860278606414795,4.284393787384033,26.537221908569336,-0.1293947696685791,2.3860554695129395,5.7100043296813965,-1.7416820526123047,2.4439198970794678,9.006199836730957,rest
sub_09_trial_023,sub_09,23,-8.224982261657715,5.839902400970459,101.7547836303711,-4.372964859008789,2.791846513748169,26.917226791381836,0.22173137962818146,3.0645346641540527,9.440537452697754,2.0250654220581055,3.2663931846618652,14.770215034484863,0.772148609161377,2.860834836959839,8.780590057373047,-3.0960288047790527,2.9973502159118652,18.569503784179688,-3.008808135986328,2.4102630615234375,14.86229419708252,-4.038689613342285,4.313201904296875,34.91472244262695,rest
sub_09_trial_024,sub_09,24,2.982440710067749,2.658402442932129,15.962057113647461,-0.9092576503753662,2.5145533084869385,7.1497273445129395,1.0022825002670288,2.9594829082489014,9.76310920715332,0.8088189959526062,3.0107173919677734,9.718606948852539,-1.1838269233703613,2.892144203186035,9.76594352722168,0.6852419376373291,2.888219118118286,8.811367988586426,-0.520948588848114,2.4433367252349854,6.241281032562256,0.9617130160331726,2.6940855979919434,8.182990074157715,rest
sub_09_trial_025,sub_09,25,0.4511530101299286,2.5532941818237305,6.722850799560547,-1.5895109176635742,2.5095584392547607,8.824427604675293,-2.1251463890075684,2.469522714614868,10.614789962768555,-1.7165303230285645,3.371830701828003,14.315718650817871,0.14014147222042084,2.8288097381591797,8.021803855895996,-0.25090765953063965,3.3992080688476562,11.617569923400879,1.4175466299057007,2.2782959938049316,7.200070858001709,2.865217924118042,2.6726291179656982,15.35241985321045,move
sub_09_trial_026,sub_09,26,-2.4753310680389404,2.6086881160736084,12.932517051696777,1.9230735301971436,2.74322247505188,11.223480224609375,1.6169986724853516,2.95817232131958,11.365468978881836,5.088142395019531,3.5974552631378174,38.830875396728516,2.818225145339966,3.0293073654174805,17.119096755981445,-0.2772606313228607,4.172534942626953,17.486919403076172,1.4838188886642456,2.361370801925659,7.7777910232543945,-0.8188044428825378,4.075939178466797,17.283721923828125,move
sub_09_trial_027,sub_09,27,2.4047796726226807,3.1764402389526367,15.872737884521484,-2.4710311889648438,3.0456862449645996,15.382200241088867,2.1509315967559814,2.416078567504883,10.463942527770996,9.058116912841797,5.98383903503418,117.85579681396484,0.3810092806816101,2.3470699787139893,5.653905391693115,-7.520007610321045,5.243875980377197,84.04875946044922,-2.7731122970581055,2.4880003929138184,13.880297660827637,3.9507768154144287,3.922288179397583,30.992982864379883,move
sub_09_trial_028,sub_09,28,-1.0222467184066772,3.48197078704834,13.169110298156738,4.538045883178711,3.411634683609009,32.23311233520508,2.2270779609680176,3.1850738525390625,15.104571342468262,2.412029981613159,2.7169201374053955,13.199544906616211,0.9464717507362366,2.6785407066345215,8.070388793945312,-3.9012515544891357,3.287752628326416,26.02907943725586,-1.3299731016159058,2.754474401473999,9.35595703125,0.1580839902162552,2.8379342555999756,8.078862190246582,move
sub_09_trial_029,sub_09,29,-1.4769538640975952,2.650569438934326,9.20691204071045,1.2618461847305298,2.334413528442383,7.04174280166626,-1.5628114938735962,2.629007577896118,9.354060173034668,0.796052873134613,3.032559871673584,9.830119132995605,-0.9384118914604187,2.048868179321289,5.078477382659912,4.4906392097473145,3.6671645641326904,33.61393737792969,1.265122652053833,2.585005760192871,8.28278923034668,-0.44409599900245667,3.376232862472534,11.59616756439209,move
sub_09_trial_030,sub_09,30,-3.58219575881958,2.982058048248291,21.724794387817383,1.0325071811676025,2.264390468597412,6.193535804748535,-1.5250742435455322,2.8203046321868896,10.279970169067383,-2.125645160675049,2.9556572437286377,13.254277229309082,0.08540558069944382,3.078728437423706,9.48586368560791,0.7729582190513611,3.3667802810668945,11.932672500610352,-0.4866163432598114,3.080209970474243,9.724488258361816,-1.267290472984314,2.724043607711792,9.026439666748047,rest
sub_09_trial_031,sub_09,31,5.600614547729492,4.997836589813232,56.34525680541992,0.33478018641471863,2.8851349353790283,8.436080932617188,3.829054117202759,3.4201040267944336,26.358766555786133,3.3988730907440186,3.2124338150024414,21.872068405151367,-5.834270477294922,3.477327823638916,46.13051986694336,8.912392616271973,4.790798664093018,102.38248443603516,0.4980737268924713,2.1552412509918213,4.893143653869629,-7.47274112701416,4.293420791625977,74.27532196044922,rest
sub_09_trial_032,sub_09,32,-2.6129961013793945,3.4247641563415527,18.556758880615234,0.02587733417749405,2.0903751850128174,4.370337963104248,-0.8989245891571045,3.186599016189575,10.962478637695312,1.9381436109542847,3.4998221397399902,16.005155563354492,-1.3380415439605713,2.628659725189209,8.700206756591797,-3.7360289096832275,3.620140552520752,27.06332778930664,-5.124715328216553,2.9386701583862305,34.89848709106445,-1.7834594249725342,2.8883562088012695,11.523327827453613,rest
sub_09_trial_033,sub_09,33,-2.0999794006347656,3.2236759662628174,14.802000045776367,0.19092270731925964,2.3891286849975586,5.744387626647949,1.1135618686676025,2.193862199783325,6.053051471710205,-0.3539277911186218,2.5579042434692383,6.6681389808654785,-0.22684073448181152,2.3092451095581055,5.384069442749023,2.980883836746216,3.9687585830688477,24.63671112060547,2.288565158843994,2.629477024078369,12.151679992675781,-7.156192302703857,5.567132949829102,82.20407104492188,move
sub_09_trial_034,sub_09,34,-1.683774471282959,2.944979667663574,11.508004188537598,2.5791661739349365,3.125375747680664,16.42007064819336,-2.954336643218994,2.6731455326080322,15.87381362915039,-4.283984184265137,2.864367723464966,26.55712127685547,5.1419477462768555,3.649506092071533,39.758522033691406,1.8839861154556274,2.7081923484802246,10.883708953857422,5.7401652336120605,2.998932123184204,41.943084716796875,0.5907613635063171,2.760335683822632,7.968451976776123,move
sub_09_trial_035,sub_09,35,-6.925887584686279,3.824728012084961,62.59646987915039,0.7347485423088074,2.9655542373657227,9.334366798400879,-2.296926736831665,2.700439929962158,12.568248748779297,1.2640573978424072,3.0393640995025635,10.835575103759766,-0.00020239257719367743,4.647497653961182,21.599233627319336,2.9040517807006836,4.110056400299072,25.326080322265625,-1.3543899059295654,2.994417190551758,10.800905227661133,-5.350118160247803,2.794161796569824,36.43110275268555,move
sub_09_trial_036,sub_09,36,3.0025436878204346,5.217961311340332,36.24238586425781,-3.9253907203674316,4.521651268005371,35.85402297973633,0.391535222530365,3.588677406311035,13.031906127929688,-3.5420143604278564,3.1702725887298584,22.596492767333984,1.5518405437469482,2.6573472023010254,9.46970272064209,1.8262001276016235,4.686838150024414,25.301454544067383,5.57243013381958,5.006717205047607,56.119197845458984,7.244926452636719,4.482490539550781,72.58167266845703,rest
sub_09_trial_037,sub_09,37,-6.968179702758789,3.4892823696136475,60.73061752319336,-1.6424137353897095,2.356706142425537,8.2515869140625,-1.0973703861236572,2.7082841396331787,8.53902530670166,7.212430477142334,4.641209602355957,73.55998229980469,1.0193966627120972,2.5786545276641846,7.688628196716309,-3.5799243450164795,4.37576961517334,31.963220596313477,-5.079186916351318,4.877316474914551,49.58635711669922,-5.313656330108643,2.8895139694213867,36.58423614501953,rest
sub_09_trial_038,sub_09,38,-0.40127918124198914,2.9268054962158203,8.727214813232422,4.798452377319336,3.120436668395996,32.762264251708984,5.070968151092529,3.1210923194885254,35.4559326171875,5.818726539611816,3.739206314086914,47.83924865722656,3.064913034439087,3.4083101749420166,21.010269165039062,-5.822118282318115,3.5540740489959717,46.528499603271484,-1.6349989175796509,2.3588106632232666,8.23720932006836,-3.9865198135375977,3.509395122528076,28.208192825317383,rest
sub_09_trial_039,sub_09,39,-0.0479118637740612,3.4324333667755127,11.783892631530762,0.6056800484657288,2.405971050262451,6.155544757843018,-0.49391400814056396,2.592015266418457,6.962493419647217,-2.4656825065612793,3.522048234939575,18.484413146972656,3.26129150390625,3.477203845977783,22.72696876525879,-3.0162432193756104,4.294005393981934,27.53620719909668,3.6830523014068604,2.864649772644043,21.77109146118164,7.139873504638672,5.81568717956543,84.80000305175781,rest
sub_10_trial_000,sub_10,0,5.2821197509765625,3.4429054260253906,39.7543830871582,-6.337109088897705,3.2355148792266846,50.62750244140625,-0.9395738244056702,2.8565292358398438,9.042558670043945,0.9365694522857666,4.424438953399658,20.45281982421875,-3.1333577632904053,3.632899045944214,23.015886306762695,-5.246562480926514,2.4989378452301025,33.7711067199707,-1.391622543334961,2.8068082332611084,9.81478500366211,-6.208301544189453,5.043412685394287,63.97902297973633,rest
sub_10_trial_001,sub_10,1,2.0761454105377197,2.755722761154175,11.904387474060059,0.5206210613250732,2.159411668777466,4.934105396270752,0.5098006725311279,1.8449225425720215,3.663635730743408,1.053267002105713,3.634359836578369,14.317943572998047,-0.2914216220378876,3.4284937381744385,11.839498519897461,-0.8230407238006592,2.0709290504455566,4.9661431312561035,-3.4123194217681885,4.199204444885254,29.277240753173828,3.969980478286743,3.3058536052703857,26.689411163330078,move
sub_10_trial_002,sub_10,2,3.987192153930664,3.1881752014160156,26.062162399291992,-0.05747915804386139,1.7283579111099243,2.990525007247925,4.773873805999756,3.5403783321380615,35.324153900146484,-5.725680351257324,3.460289716720581,44.757022857666016,-0.6164451837539673,2.363729238510132,5.967220783233643,-1.5449846982955933,2.3793904781341553,8.048477172851562,-0.3410695195198059,2.4614365100860596,6.174998760223389,9.709638595581055,3.6641972064971924,107.70343780517578,move
sub_10_trial_003,sub_10,3,2.7278969287872314,2.5000205039978027,13.69152545928955,-0.5979812145233154,2.039571523666382,4.517432689666748,-1.842239260673523,1.9272453784942627,7.108120441436768,1.8783926963806152,3.4038197994232178,15.114349365234375,-1.7988289594650269,3.788407564163208,17.58781623840332,-2.766517162322998,2.510455846786499,13.956005096435547,-2.418391704559326,2.6076817512512207,12.6486234664917,-2.9740853309631348,2.512187957763672,15.156272888183594,move
sub_10_trial_004,sub_10,4,1.826596975326538,3.1937003135681152,13.536177635192871,-0.704052209854126,1.785643219947815,3.6842117309570312,-1.2966947555541992,2.788961887359619,9.459726333618164,-4.654601097106934,4.63203239440918,43.121036529541016,2.6888837814331055,3.0287981033325195,16.40371322631836,1.6353254318237305,3.077150344848633,12.143142700195312,-3.859173536300659,3.7261743545532227,28.777597427368164,4.639351844787598,4.312596321105957,40.122074127197266,move
sub_10_trial_005,sub_10,5,1.8055369853973389,2.723707437515259,10.678546905517578,0.20508840680122375,1.8295979499816895,3.3894898891448975,0.49194061756134033,2.8116087913513184,8.147149085998535,-4.29046106338501,4.941157817840576,42.823097229003906,2.53902006149292,3.5603063106536865,19.12240219116211,2.7500321865081787,2.059044599533081,11.802343368530273,0.8207787871360779,3.1275570392608643,10.455290794372559,3.49104642868042,3.425147533416748,23.919036865234375,rest
sub_10_trial_006,sub_10,6,-5.281464099884033,4.000257968902588,43.89592742919922,0.9622021913528442,1.932068943977356,4.6587233543396,-1.5815171003341675,2.3120288848876953,7.846673965454102,0.3889961838722229,3.2370660305023193,10.629914283752441,-2.922386884689331,2.807004451751709,16.419618606567383,-2.193502187728882,2.2609596252441406,9.92339038848877,-2.329251766204834,2.8919968605041504,13.789058685302734,-0.279263436794281,3.1896862983703613,10.25208568572998,move
sub_10_trial_007,sub_10,7,1.639230728149414,3.1538209915161133,12.633666038513184,-5.046658992767334,2.706108570098877,32.79179382324219,-0.24657049775123596,3.113356113433838,9.753783226013184,-9.17125415802002,5.176509857177734,110.90816497802734,-1.8940366506576538,3.0486087799072266,12.881390571594238,-1.993420124053955,2.566110610961914,10.558647155761719,-5.660348415374756,3.722902297973633,45.89955139160156,3.4041879177093506,3.2634575366973877,22.238651275634766,rest
sub_10_trial_008,sub_10,8,2.694949150085449,2.5818138122558594,13.928512573242188,1.089145302772522,1.8505765199661255,4.610871315002441,0.7283875942230225,1.9867730140686035,4.477815628051758,-2.658442497253418,3.6684491634368896,20.52483558654785,3.91530442237854,3.74981427192688,29.390714645385742,4.285201549530029,2.7425215244293213,25.88437843322754,-2.0270254611968994,2.620817184448242,10.977514266967773,3.2313568592071533,3.3657939434051514,21.770235061645508,move
sub_10_trial_009,sub_10,9,-1.4271283149719238,2.92101788520813,10.56904125213623,-0.09201571345329285,2.067816734313965,4.284333229064941,-2.2522530555725098,3.080564260482788,14.562519073486328,3.6019086837768555,4.417232036590576,32.48569107055664,-1.6526762247085571,3.1089181900024414,12.396713256835938,-5.1020379066467285,3.3410139083862305,37.19316864013672,0.03961558640003204,2.756652355194092,7.600701332092285,-5.282533168792725,3.6970162391662598,41.57308578491211,rest
sub_10_trial_010,sub_10,10,-7.414594650268555,5.049129962921143,80.46992492675781,0.411654531955719,2.604250431060791,6.951579570770264,-5.600733280181885,2.7798757553100586,39.095924377441406,4.0550408363342285,3.0973174571990967,26.036733627319336,3.5414960384368896,3.271436929702759,23.24449348449707,3.644785165786743,2.266432523727417,18.421175003051758,4.2432122230529785,2.194931745529175,22.82257652282715,-5.341214656829834,2.8296279907226562,36.53537368774414,move
sub_10_trial_011,sub_10,11,-0.6682541370391846,2.602315902709961,7.218611717224121,-1.403576374053955,2.028080701828003,6.083137512207031,1.8739475011825562,2.0232620239257812,7.6052680015563965,-3.8564863204956055,3.921967029571533,30.254310607910156,1.6612519025802612,2.52182674407959,9.119367599487305,-6.141178607940674,2.9600813388824463,46.476158142089844,0.3403838574886322,2.297565460205078,5.394668102264404,2.902810573577881,3.046159029006958,17.705392837524414,move
sub_10_trial_012,sub_10,12,8.997241973876953,4.144593238830566,98.12802124023438,-3.998403787612915,2.2407033443450928,21.007984161376953,4.059412479400635,3.225999355316162,26.885900497436523,-2.5173139572143555,3.776768207550049,20.600847244262695,-4.1982622146606445,2.527085304260254,24.01156234741211,-0.036377258598804474,2.138706684112549,4.575389862060547,-0.07017938047647476,3.1807940006256104,10.122376441955566,-2.044691324234009,2.802764654159546,12.03625202178955,move
sub_10_trial_013,sub_10,13,2.4424021244049072,2.561471939086914,12.52646541595459,-4.1668596267700195,2.294093132019043,22.62558364868164,0.6256440877914429,2.72017502784729,7.790782451629639,-9.375779151916504,5.6149091720581055,119.43246459960938,2.294133186340332,3.1441774368286133,15.148898124694824,1.4389927387237549,2.0731029510498047,6.3684563636779785,-6.072329044342041,3.670759439468384,50.3476448059082,-4.008081436157227,3.833451509475708,30.76007080078125,rest
sub_10_trial_014,sub_10,14,0.30852755904197693,2.6304726600646973,7.0145745277404785,1.0510202646255493,1.834928274154663,4.4716057777404785,-0.05938342213630676,2.158388137817383,4.662165641784668,6.35880184173584,4.39207649230957,59.724693298339844,-9.25782585144043,4.345932483673096,104.594482421875,-3.4305262565612793,3.064859628677368,21.161874771118164,1.5787172317504883,2.7281153202056885,9.934961318969727,-0.13071118295192719,3.3656556606292725,11.344724655151367,move
sub_10_trial_015,sub_10,15,1.3220946788787842,2.4387733936309814,7.695550441741943,-0.3061259984970093,1.8050576448440552,3.3519465923309326,-0.9850155115127563,2.5629305839538574,7.538869857788086,-9.922220230102539,5.106167316436768,124.52340698242188,6.127743244171143,3.729907512664795,51.46145248413086,1.4991750717163086,2.1687657833099365,6.951070308685303,-7.671444892883301,4.62635612487793,80.25423431396484,8.219625473022461,4.233071327209473,85.48114013671875,rest
sub_10_trial_016,sub_10,16,-6.686968803405762,4.506240367889404,65.0217514038086,3.26977276802063,2.1917102336883545,15.495007514953613,0.3335358798503876,2.2525062561035156,5.185030937194824,-3.5315158367156982,3.712449312210083,26.25388526916504,1.0102472305297852,2.316068649291992,6.384773254394531,1.8599412441253662,2.230144500732422,8.4329252243042,0.4946030378341675,2.640341281890869,7.216034412384033,-0.48620080947875977,3.0450048446655273,9.508445739746094,move
sub_10_trial_017,sub_10,17,4.723657131195068,2.7137603759765625,29.677433013916016,-0.6639853715896606,1.8426133394241333,3.8361005783081055,0.26474395394325256,2.4533090591430664,6.0888142585754395,4.572138786315918,3.475735664367676,32.98519515991211,-0.15965966880321503,3.1845037937164307,10.166555404663086,3.6463706493377686,3.3432281017303467,24.473196029663086,-1.7490208148956299,2.9970457553863525,12.041357040405273,0.7651241421699524,2.8103878498077393,8.483695030212402,rest
sub_10_trial_018,sub_10,18,4.74541711807251,2.7667064666748047,30.17364501953125,-6.251258850097656,2.768162727355957,46.74095916748047,-1.6113885641098022,2.8867075443267822,10.92965316772461,-1.953579068183899,4.447821617126465,23.599592208862305,-0.19922032952308655,3.360769510269165,11.334461212158203,-3.0915274620056152,2.343240976333618,15.048317909240723,-5.409358978271484,3.4103915691375732,40.891929626464844,-3.4597654342651367,3.5736424922943115,24.740894317626953,rest
sub_10_trial_019,sub_10,19,4.814462661743164,3.843069314956665,37.94823455810547,-4.740639686584473,2.849757671356201,30.59478187561035,2.1261799335479736,2.8317391872406006,12.539388656616211,2.0769946575164795,3.0308752059936523,13.500112533569336,-1.7766770124435425,2.3444650173187256,8.653098106384277,3.1170389652252197,2.5340628623962402,16.137405395507812,4.784241199493408,3.375192642211914,34.28089141845703,-5.409379005432129,3.388376474380493,40.74247741699219,move
sub_10_trial_020,sub_10,20,-1.7384229898452759,3.236513137817383,13.497133255004883,2.6399099826812744,2.123356580734253,11.477767944335938,-1.489295244216919,2.78664493560791,9.983390808105469,0.29361531138420105,3.1462619304656982,9.985174179077148,-0.5960123538970947,3.0890538692474365,9.897486686706543,-0.21869629621505737,2.560122013092041,6.602053642272949,-2.973940134048462,3.5583932399749756,21.506481170654297,1.2995184659957886,2.972301483154297,10.523324012756348,move
sub_10_trial_021,sub_10,21,-8.597501754760742,5.743031024932861,106.89944458007812,0.6621385216712952,1.8402892351150513,3.82509183883667,-2.907196521759033,4.054688930511475,24.892295837402344,2.632091999053955,3.3879637718200684,18.406206130981445,3.1493594646453857,2.766430616378784,17.571603775024414,-0.06673193722963333,2.582775831222534,6.6751837730407715,2.2819530963897705,2.826685905456543,13.197463035583496,-1.6344259977340698,3.03706431388855,11.89510726928711,move
sub_10_trial_022,sub_10,22,2.4540634155273438,2.6358118057250977,12.969931602478027,2.9772183895111084,2.3270180225372314,14.278843879699707,2.8294599056243896,2.144416332244873,12.604365348815918,3.8337767124176025,3.819859504699707,29.28917121887207,-2.4954941272735596,2.426194667816162,12.113910675048828,-1.1023439168930054,3.160964250564575,11.206856727600098,-0.4306446611881256,2.737180709838867,7.6776123046875,5.137996196746826,4.438413143157959,46.098506927490234,move
sub_10_trial_023,sub_10,23,0.5125793218612671,2.7508952617645264,7.830162525177002,-0.38939765095710754,1.7250596284866333,3.1274609565734863,-0.461168497800827,2.1562304496765137,4.862006664276123,-0.04025232046842575,3.799586772918701,14.438480377197266,0.49362289905548096,2.5276870727539062,6.632866382598877,3.4280478954315186,3.168840169906616,21.79306411743164,-2.4902844429016113,2.7863216400146484,13.965105056762695,-0.46521642804145813,4.1970953941345215,17.832035064697266,move
sub_10_trial_024,sub_10,24,-1.5505094528198242,2.891022205352783,10.762088775634766,-1.4809792041778564,2.4860475063323975,8.37373161315918,0.30656734108924866,2.320524215698242,5.478816032409668,-4.705711841583252,4.975274562835693,46.89707946777344,0.8862365484237671,3.2744510173797607,11.507444381713867,-1.0950253009796143,2.7957286834716797,9.015179634094238,-4.920301914215088,3.607311725616455,37.22206115722656,1.0321980714797974,2.7507567405700684,8.632095336914062,rest
sub_10_trial_025,sub_10,25,-1.6806573867797852,3.5995125770568848,15.781100273132324,0.5637237429618835,2.0594799518585205,4.55924129486084,1.408099889755249,3.3089191913604736,12.931692123413086,-6.470010280609131,6.285573959350586,81.36946868896484,1.623084545135498,3.434659719467163,14.431291580200195,-3.6182422637939453,2.438877820968628,19.039804458618164,-0.6639375686645508,2.834742784500122,8.476579666137695,5.016556739807129,3.7981250286102295,39.59159469604492,rest
sub_10_trial_026,sub_10,26,1.922659158706665,2.863856554031372,11.898292541503906,0.042824339121580124,1.989020586013794,3.9580366611480713,2.1741602420806885,2.7265818119049072,12.161221504211426,-2.8501713275909424,3.8747055530548096,23.136821746826172,-2.914090394973755,3.3085553646087646,19.438461303710938,-0.14613601565361023,2.2585630416870117,5.122462749481201,-0.46666279435157776,2.5173537731170654,6.554843902587891,4.794144153594971,3.927485942840576,38.408966064453125,rest
sub_10_trial_027,sub_10,27,-3.982943534851074,2.541480302810669,22.322959899902344,0.9469661712646484,2.279205560684204,6.09152364730835,-3.1477227210998535,2.238386392593384,14.91853141784668,-1.0208609104156494,4.510470390319824,21.386499404907227,0.29260942339897156,3.2321033477783203,10.532113075256348,-1.2352906465530396,2.274503469467163,6.6993088722229,0.7559474110603333,2.95032000541687,9.275845527648926,-0.20809808373451233,2.7905070781707764,7.830234527587891,rest
sub_10_trial_028,sub_10,28,-4.3629560470581055,2.7468090057373047,26.58034324645996,5.594265937805176,2.9754443168640137,40.14908218383789,0.5581721067428589,2.8051178455352783,8.180242538452148,4.5924391746521,4.233373641967773,39.01194381713867,-4.737598419189453,3.6202762126922607,35.551239013671875,-1.3159886598587036,2.2203474044799805,6.661768436431885,3.0117404460906982,2.8004393577575684,16.913040161132812,-0.46881774067878723,4.287721157073975,18.60434341430664,rest
sub_10_trial_029,sub_10,29,-2.7985072135925293,4.188624382019043,25.376216888427734,-1.9772638082504272,2.276801109313965,9.093395233154297,-3.5845110416412354,2.8741939067840576,21.10970687866211,-1.9037984609603882,4.507808685302734,23.944791793823242,1.4766603708267212,3.3654417991638184,13.506722450256348,0.27735254168510437,2.3235983848571777,5.4760332107543945,-2.9174814224243164,3.3236210346221924,19.558156967163086,-0.5392656326293945,2.9535763263702393,9.014420509338379,rest
sub_10_trial_030,sub_10,30,5.1274027824401855,2.970569133758545,35.114540100097656,-5.376729488372803,2.3811678886413574,34.57917785644531,-1.6221222877502441,1.9186383485794067,6.3124542236328125,-0.3503226935863495,3.047085762023926,9.40745735168457,6.039999961853027,3.2550911903381348,47.07721710205078,2.552213430404663,2.3265559673309326,11.926656723022461,-1.0379914045333862,2.3589560985565186,6.642099380493164,-7.4875807762146,3.921417474746704,71.44137573242188,move
sub_10_trial_031,sub_10,31,-3.322437286376953,3.570805311203003,23.789241790771484,-0.10293304175138474,2.1231610774993896,4.518408298492432,-0.45160919427871704,2.8322463035583496,8.225570678710938,-2.1041171550750732,5.007187843322754,29.499242782592773,1.4065409898757935,3.403730869293213,13.563742637634277,-1.6196208000183105,3.386970281600952,14.09473991394043,-3.279834508895874,4.094442844390869,27.52177619934082,3.7711195945739746,2.7480580806732178,21.77316665649414,rest
sub_10_trial_032,sub_10,32,-1.5547842979431152,6.271198272705078,41.74528503417969,3.4786500930786133,4.481635093688965,32.186065673828125,-4.385684967041016,3.4976418018341064,31.467729568481445,5.848550796508789,5.269311904907227,61.971187591552734,0.2683486342430115,3.069953680038452,9.496626853942871,2.939577579498291,2.8643290996551514,16.845497131347656,-2.7103774547576904,2.801544427871704,15.194795608520508,0.05789227411150932,3.0469491481781006,9.287250518798828,rest
sub_10_trial_033,sub_10,33,-2.0436949729919434,2.970912456512451,13.003009796142578,-3.6987667083740234,2.5030529499053955,19.946144104003906,-5.094903469085693,2.842089891433716,34.03551483154297,-3.275904893875122,4.624923229217529,32.121463775634766,6.859616279602051,3.8113346099853516,61.580604553222656,0.8701055645942688,2.376946449279785,6.406957626342773,-4.525793552398682,3.0161781311035156,29.580135345458984,0.12560056149959564,2.7562954425811768,7.612940311431885,move
sub_10_trial_034,sub_10,34,2.8849589824676514,3.105884313583374,17.969507217407227,-5.3712968826293945,2.969604969024658,37.66938400268555,-0.1484592705965042,2.3785808086395264,5.6796875,-2.116452693939209,4.561275482177734,25.284605026245117,2.849626064300537,3.9333674907684326,23.591747283935547,-0.5257497429847717,2.66253662109375,7.365513801574707,-1.9122791290283203,3.500310182571411,15.908984184265137,-7.712935447692871,4.023510932922363,75.67801666259766,rest
sub_10_trial_035,sub_10,35,2.7854926586151123,3.0115809440612793,16.828590393066406,-0.34092476963996887,1.8780298233032227,3.64322566986084,0.6959666609764099,2.7204723358154297,7.885339260101318,5.16617488861084,4.378878593444824,45.86393356323242,-2.874889612197876,3.023164987564087,17.404518127441406,-0.8494682908058167,2.6145145893096924,7.557282447814941,1.9679453372955322,2.5441856384277344,10.34568977355957,-5.2475762367248535,3.9877145290374756,43.43892288208008,rest
sub_10_trial_036,sub_10,36,-5.310363292694092,3.6387784481048584,41.4406623840332,1.179985523223877,2.2722692489624023,6.555572032928467,0.08926808089017868,2.145850896835327,4.612644672393799,-2.6564905643463135,3.535569190979004,19.557191848754883,-1.6455682516098022,3.154846429824829,12.660950660705566,2.2747318744659424,3.2068164348602295,15.458076477050781,-0.4002111554145813,2.2542006969451904,5.2415900230407715,0.9758272767066956,3.113116502761841,10.643732070922852,move
sub_10_trial_037,sub_10,37,-2.2007663249969482,3.413773775100708,16.49722671508789,-3.1786999702453613,2.4726321697235107,16.21804428100586,-0.1894102841615677,3.730602502822876,13.953271865844727,-7.530381679534912,4.935259819030762,81.06343841552734,2.6837403774261475,4.434684753417969,26.868892669677734,3.005138635635376,2.7103564739227295,16.376890182495117,-4.119236946105957,3.021228790283203,26.095937728881836,-0.8707681894302368,3.022209644317627,9.891988754272461,rest
sub_10_trial_038,sub_10,38,-4.884634017944336,2.816937208175659,31.794784545898438,1.6431320905685425,2.1216230392456055,7.201167583465576,-0.038691528141498566,2.413986921310425,5.828829765319824,-1.2100639343261719,4.230348587036133,19.3601016998291,1.4824410676956177,2.6719279289245605,9.336830139160156,4.2404398918151855,3.242978572845459,28.498239517211914,3.060411214828491,2.476426124572754,15.49880313873291,-3.346249580383301,3.796548843383789,25.611167907714844,move
sub_10_trial_039,sub_10,39,-0.3409072756767273,2.9773178100585938,8.98063850402832,-0.40770652890205383,1.7585911750793457,3.2588677406311035,-0.729584813117981,2.3968307971954346,6.277092933654785,3.1237571239471436,3.8164823055267334,24.323394775390625,-0.466300904750824,2.731264114379883,7.677240371704102,2.8204033374786377,4.105550289154053,24.81022071838379,4.099783897399902,3.0459325313568115,26.08592987060547,-0.9153814911842346,3.0411391258239746,10.086451530456543,rest
sub_11_trial_000,sub_11,0,4.380550861358643,3.3659920692443848,30.51913070678711,6.846358299255371,4.271850109100342,65.12132263183594,2.5773627758026123,4.021122455596924,22.812223434448242,9.40697956085205,6.548162460327148,131.3697052001953,-1.9538222551345825,4.582092761993408,24.812997817993164,-7.04895544052124,5.05096435546875,75.20001220703125,5.354211807250977,4.6404924392700195,50.201751708984375,9.912469863891602,4.929172039031982,122.55380249023438,rest
sub_11_trial_001,sub_11,1,3.2584362030029297,4.999906539916992,35.61647415161133,-0.1943104863166809,4.178223133087158,17.49530792236328,1.6525979042053223,3.7580857276916504,16.854290008544922,-8.662442207336426,5.49531364440918,105.23637390136719,6.1261515617370605,5.598618984222412,68.874267578125,3.2066783905029297,3.5066685676574707,22.579509735107422,1.2669837474822998,4.268445014953613,19.824871063232422,2.9819788932800293,5.031324863433838,34.20642852783203,move
sub_11_trial_002,sub_11,2,0.7073732614517212,6.36130428314209,40.96657180786133,-0.21183203160762787,7.2017292976379395,51.90978240966797,5.701630115509033,3.8838064670562744,47.5925407409668,-4.523750305175781,5.08241081237793,46.29521560668945,8.275591850280762,6.0038862228393555,104.5320816040039,3.013375997543335,3.2163803577423096,19.425539016723633,3.6127824783325195,4.703740119934082,35.1773681640625,2.4506354331970215,7.8484978675842285,67.60453796386719,rest
sub_11_trial_003,sub_11,3,1.5360134840011597,3.3290553092956543,13.441946983337402,5.357314586639404,3.689666986465454,42.314456939697266,2.7864463329315186,4.289393424987793,26.163179397583008,3.8832545280456543,5.341984748840332,43.61647033691406,-3.2336161136627197,4.6587042808532715,32.15979766845703,-1.027828574180603,3.1223742961883545,10.80565357208252,-3.7043826580047607,4.37143611907959,32.8318977355957,0.6672931909561157,3.8398635387420654,15.189833641052246,rest
sub_11_trial_004,sub_11,4,0.7845057845115662,2.944953680038452,9.288202285766602,5.027245044708252,4.290740489959717,43.68364715576172,3.5655834674835205,2.879423141479492,21.004465103149414,2.206123113632202,4.060150146484375,21.351797103881836,11.367006301879883,6.2302470207214355,168.02479553222656,-3.3353540897369385,5.079991340637207,36.9308967590332,1.2431319952011108,5.1329216957092285,27.892261505126953,3.7114181518554688,4.228338718414307,31.653472900390625,move
sub_11_trial_005,sub_11,5,-6.5948686599731445,5.208615303039551,70.6219711303711,-2.5198702812194824,6.353579044342041,46.717716217041016,-4.685522556304932,3.5107502937316895,34.27948760986328,3.059988021850586,4.423791885375977,28.933462142944336,1.1236954927444458,5.836360931396484,35.3258056640625,-0.6156972646713257,4.006313323974609,16.429628372192383,3.8902831077575684,3.752016067504883,29.211925506591797,6.454442501068115,4.354613304138184,60.62248611450195,rest
sub_11_trial_006,sub_11,6,2.215148448944092,4.077765464782715,21.535053253173828,1.9117780923843384,3.672628879547119,17.143096923828125,0.07365002483129501,3.7770214080810547,14.27131462097168,-2.1384503841400146,4.474094390869141,24.590492248535156,0.02298303134739399,5.6036200523376465,31.401084899902344,-3.809542179107666,3.9411258697509766,30.045082092285156,-4.791220664978027,5.699772834777832,55.44320297241211,-2.755235433578491,3.972587823867798,23.37277603149414,rest
sub_11_trial_007,sub_11,7,-6.9739298820495605,3.9305026531219482,64.08454895019531,-13.866438865661621,6.935586452484131,240.38046264648438,-2.942424774169922,3.014052629470825,17.74237632751465,-3.7379233837127686,5.446474552154541,43.63615798950195,-8.7341890335083,6.640726089477539,120.38531494140625,0.13362200558185577,3.8052878379821777,14.49807071685791,-4.3080596923828125,4.37216854095459,37.675235748291016,-7.582528591156006,4.595590591430664,78.61420440673828,rest
sub_11_trial_008,sub_11,8,7.282964706420898,4.355386257171631,72.01097106933594,10.720732688903809,5.498761177062988,145.17047119140625,5.209494590759277,3.85384202003479,41.990936279296875,3.48077654838562,4.361985206604004,31.14272117614746,3.0274477005004883,5.26986026763916,36.93686294555664,0.43247318267822266,3.0630455017089844,9.569280624389648,-1.5765656232833862,4.668577671051025,24.28117561340332,8.537293434143066,7.231040000915527,125.17330932617188,move
sub_11_trial_009,sub_11,9,0.35446879267692566,2.8322627544403076,8.147360801696777,-3.580080986022949,4.441788196563721,32.54645919799805,3.1933858394622803,3.515153169631958,22.55401611328125,-2.01403546333313,3.853158950805664,18.903173446655273,-1.1720788478851318,4.953629970550537,25.91221809387207,2.0287954807281494,2.8427131175994873,12.197029113769531,-0.9792259931564331,3.738579273223877,14.935859680175781,-0.8266779780387878,4.839773178100586,24.10680389404297,move
sub_11_trial_010,sub_11,10,-0.16038402915000916,3.6580007076263428,13.406692504882812,-1.7263232469558716,3.8494577407836914,17.79851531982422,3.3687589168548584,3.4088711738586426,22.96894073486328,3.3874032497406006,4.617673397064209,32.79740524291992,1.8514254093170166,4.5354228019714355,23.997831344604492,-1.7015429735183716,3.0347630977630615,12.105035781860352,4.739670753479004,4.813361644744873,45.632930755615234,-2.2082271575927734,5.285287380218506,32.8105354309082,move
sub_11_trial_011,sub_11,11,4.240100860595703,4.9855852127075195,42.83451461791992,0.48607879877090454,4.919350624084473,24.4362850189209,-6.3922505378723145,3.5064468383789062,53.15604019165039,-4.220212459564209,4.411847114562988,37.27458572387695,-3.6774260997772217,4.887657165527344,37.41265106201172,4.127827167510986,3.476292371749878,29.123565673828125,7.314602375030518,4.302495002746582,72.01487731933594,-1.329882025718689,3.67502498626709,15.274394989013672,rest
sub_11_trial_012,sub_11,12,9.122950553894043,4.454960346221924,103.07489013671875,-0.40744128823280334,3.8975298404693604,15.356746673583984,0.8225018382072449,3.049144744873047,9.973793983459473,8.653976440429688,6.343436241149902,115.13048553466797,-13.311948776245117,8.279885292053223,245.76446533203125,7.564548015594482,3.9275755882263184,72.64823150634766,12.120234489440918,5.88146448135376,181.49169921875,12.821661949157715,7.260336875915527,217.10752868652344,rest
sub_11_trial_013,sub_11,13,0.04612097144126892,4.239283084869385,17.973648071289062,5.458956718444824,6.888134479522705,77.2466049194336,6.464536190032959,4.963103294372559,66.42261505126953,2.7873499393463135,4.399694919586182,27.126632690429688,2.9122509956359863,4.745652675628662,31.002426147460938,-3.335318088531494,3.5376477241516113,23.639299392700195,-5.953378677368164,5.02726411819458,60.716102600097656,-1.8034636974334717,3.5627541542053223,15.945697784423828,rest
sub_11_trial_014,sub_11,14,0.8117814660072327,5.583989143371582,31.83992576599121,2.973247528076172,6.478529453277588,50.811546325683594,5.298462867736816,4.878180503845215,51.8703498840332,-0.6942729353904724,4.282715797424316,18.823671340942383,-2.782866954803467,5.531264305114746,38.3392333984375,4.65010404586792,3.099466562271118,31.230161666870117,4.519082069396973,4.892688751220703,44.36050796508789,-0.917908787727356,4.867819786071777,24.538223266601562,rest
sub_11_trial_015,sub_11,15,1.208428978919983,3.121889352798462,11.206494331359863,7.943722248077393,4.579720973968506,84.0765609741211,0.3925345540046692,3.4971773624420166,12.384331703186035,-0.13088317215442657,5.501458644866943,30.28317642211914,11.644758224487305,6.747007369995117,181.12249755859375,-4.4775309562683105,3.016592264175415,29.148109436035156,-5.151343822479248,3.829437255859375,41.20093536376953,-3.341867446899414,4.535801410675049,31.74156951904297,move
sub_11_trial_016,sub_11,16,-6.188928127288818,6.07533597946167,75.21255493164062,-9.1148042678833,8.136396408081055,149.28060913085938,0.14867283403873444,2.847726821899414,8.131650924682617,0.5924667119979858,4.660956859588623,22.075536727905273,-6.447301387786865,5.770966053009033,74.87174224853516,-1.998898983001709,3.9680891036987305,19.7413272857666,-0.352560818195343,3.953284502029419,15.752758026123047,-3.9767367839813232,3.8840811252593994,30.900524139404297,move
sub_11_trial_017,sub_11,17,-4.1121416091918945,3.9734039306640625,32.6976432800293,-2.9816532135009766,4.081582069396973,25.54956817626953,-0.1809336543083191,3.399930477142334,11.592263221740723,-1.244199275970459,5.654994964599609,33.527000427246094,2.777383804321289,4.319480895996094,26.371776580810547,0.3408280313014984,3.0422372817993164,9.371371269226074,-3.190804958343506,4.107206344604492,27.050378799438477,-6.868656158447266,4.591245651245117,68.25796508789062,move
sub_11_trial_018,sub_11,18,-3.4794087409973145,3.146898031234741,22.009254455566406,-2.0569241046905518,4.472297668457031,24.232383728027344,-5.4942779541015625,3.6124086380004883,43.23659133911133,-2.3681342601776123,4.343241214752197,24.471803665161133,1.803127408027649,5.613466739654541,34.76227569580078,-3.3946683406829834,2.7727413177490234,19.21186637878418,4.143862247467041,4.624434947967529,38.55698776245117,1.3200347423553467,5.291231632232666,29.739625930786133,rest
sub_11_trial_019,sub_11,19,2.28617525100708,4.303954124450684,23.750621795654297,5.885830879211426,4.8601837158203125,58.26438522338867,0.9155166745185852,3.02763032913208,10.004716873168945,14.026432991027832,9.137450218200684,280.23382568359375,-7.595539569854736,6.86494779586792,104.81971740722656,-1.0305620431900024,4.309273719787598,19.631898880004883,-0.28529438376426697,5.243178367614746,27.572311401367188,6.416316509246826,4.532261371612549,61.710514068603516,rest
sub_11_trial_020,sub_11,20,3.7370660305023193,4.902988910675049,38.00495910644531,8.551067352294922,4.950621128082275,97.62938690185547,1.3870867490768433,3.548872470855713,14.518506050109863,5.830315589904785,4.870699882507324,57.7162971496582,2.2855653762817383,7.110193729400635,55.77865982055664,-5.0831499099731445,3.185380220413208,35.98505401611328,0.9774698615074158,4.742995738983154,23.451457977294922,5.241931438446045,5.2618794441223145,55.16522216796875,rest
sub_11_trial_021,sub_11,21,-2.3039286136627197,3.261345148086548,15.94446086883545,-3.8947436809539795,4.510685443878174,35.515316009521484,0.44420334696769714,2.7112555503845215,7.548222541809082,5.636199474334717,5.17404317855835,58.537471771240234,-9.111515045166016,6.851325511932373,129.9603729248047,-0.263518750667572,3.1964666843414307,10.286839485168457,-3.8736157417297363,4.7912445068359375,37.96092224121094,3.244278907775879,5.796733379364014,44.127464294433594,move
sub_11_trial_022,sub_11,22,2.779555320739746,3.756096363067627,21.834186553955078,-1.0568593740463257,3.842139482498169,15.878986358642578,3.2960448265075684,3.143700361251831,20.746761322021484,-2.6860439777374268,4.834596157073975,30.58815574645996,10.435007095336914,6.057229995727539,145.57940673828125,3.470973253250122,3.7660603523254395,26.23086166381836,1.363136887550354,5.515171527862549,32.27526092529297,-2.3573384284973145,4.055540084838867,22.00444793701172,move
sub_11_trial_023,sub_11,23,-0.3712269365787506,2.6679491996765137,7.25576114654541,-0.7297108173370361,3.3022823333740234,11.437546730041504,-2.26481032371521,3.584077835083008,17.9749813079834,-5.915113925933838,5.019479751586914,60.18375015258789,4.456018924713135,5.889667987823486,54.54429626464844,0.3473295271396637,3.209052085876465,10.41865348815918,4.321554660797119,4.586916446685791,39.71564483642578,-4.617341041564941,4.165083885192871,38.66776657104492,rest
sub_11_trial_024,sub_11,24,-2.1014091968536377,2.9461746215820312,13.095865249633789,5.297862529754639,4.912627220153809,52.201255798339844,2.5447330474853516,4.022294998168945,22.654521942138672,1.8524798154830933,5.952918529510498,38.86892318725586,7.729180812835693,4.815728187561035,82.93146514892578,-11.245767593383789,5.025566101074219,151.72360229492188,-5.677626132965088,4.023955821990967,48.427650451660156,3.503048896789551,4.762389183044434,34.951698303222656,move
sub_11_trial_025,sub_11,25,3.601541042327881,3.3103067874908447,23.929229736328125,4.066725254058838,4.595369338989258,37.655670166015625,-0.2671445310115814,3.378169059753418,11.483392715454102,1.366396427154541,4.557700157165527,22.639667510986328,1.0057485103607178,5.606060981750488,32.439449310302734,0.15123815834522247,3.1315979957580566,9.829779624938965,4.8098063468933105,3.9897868633270264,39.052635192871094,6.935131072998047,4.988553524017334,72.98171997070312,rest
sub_11_trial_026,sub_11,26,-2.5414600372314453,3.576223611831665,19.248394012451172,7.2242937088012695,5.423705101013184,81.60700225830078,4.571671962738037,3.649851083755493,34.221588134765625,-1.8637046813964844,4.470003128051758,23.45432472229004,3.752115488052368,4.647676467895508,35.679264068603516,-5.473729610443115,5.788601875305176,63.46962356567383,-0.20700670778751373,4.372485160827637,19.16147804260254,-1.8378053903579712,3.8738067150115967,18.383907318115234,move
sub_11_trial_027,sub_11,27,-0.07006250321865082,3.790296792984009,14.371257781982422,0.9861840605735779,4.255569934844971,19.082433700561523,3.2400903701782227,3.0599968433380127,19.861766815185547,11.015082359313965,5.088297367095947,147.2227783203125,3.20658802986145,4.522736549377441,30.737348556518555,-1.968321442604065,2.941032648086548,12.52396297454834,-4.819082260131836,5.033900737762451,48.56370162963867,2.486950635910034,3.351564884185791,17.417909622192383,move
sub_11_trial_028,sub_11,28,7.7590413093566895,5.8098225593566895,93.9567642211914,-1.5971860885620117,3.9460012912750244,18.121929168701172,-0.2778858542442322,2.883854627609253,8.393837928771973,3.231459379196167,4.494893550872803,30.646398544311523,1.75715172290802,6.2817912101745605,42.54848098754883,2.146083116531372,2.7901222705841064,12.390453338623047,12.560789108276367,7.368034839630127,212.0613555908203,8.555631637573242,6.6980061531066895,118.0621337890625,move
sub_11_trial_029,sub_11,29,4.501425743103027,4.899409294128418,44.26704406738281,-1.8607321977615356,3.7990450859069824,17.89506721496582,4.157588481903076,3.8326213359832764,31.97452735900879,2.732776641845703,4.388424873352051,26.726341247558594,0.7053728103637695,6.946383953094482,48.74980163574219,5.8812432289123535,5.16893196105957,61.3068733215332,2.558712959289551,4.538373947143555,27.143850326538086,-2.285449504852295,3.654566764831543,18.579137802124023,rest
sub_11_trial_030,sub_11,30,-9.278775215148926,6.34216833114624,126.31877899169922,-4.6172380447387695,4.6237077713012695,42.69756317138672,4.293865203857422,5.898918151855469,53.234519958496094,0.6937094926834106,4.334599018096924,19.269981384277344,8.156139373779297,7.440279006958008,121.88035583496094,-0.828768789768219,3.0653600692749023,10.083290100097656,-5.9619975090026855,5.895247459411621,70.29935455322266,-1.4841489791870117,4.521928787231445,22.65053939819336,rest
sub_11_trial_031,sub_11,31,3.4528017044067383,3.1300108432769775,21.718809127807617,7.964388370513916,4.173545837402344,80.84996032714844,-7.674658298492432,4.2910919189453125,77.3138427734375,0.2995297908782959,7.4158172607421875,55.08406066894531,-4.813628673553467,4.705381393432617,45.31163787841797,-0.3670187294483185,3.9233155250549316,15.527105331420898,5.708569049835205,3.852890729904175,47.432525634765625,2.244574546813965,6.069312572479248,41.874671936035156,move
sub_11_trial_032,sub_11,32,10.190707206726074,5.251998424530029,131.4340057373047,8.779764175415039,4.9791178703308105,101.87588500976562,-3.786327838897705,3.2551698684692383,24.932411193847656,-2.9577138423919678,4.5255022048950195,29.228242874145508,8.9601411819458,6.27337646484375,119.63938903808594,2.0189521312713623,2.874136447906494,12.336827278137207,17.201135635375977,9.232507705688477,381.11822509765625,11.594232559204102,4.929571151733398,158.7269287109375,move
sub_11_trial_033,sub_11,33,-1.9773458242416382,3.3194639682769775,14.928739547729492,-6.487312316894531,5.131495952606201,68.41747283935547,-0.9077675938606262,3.6858010292053223,14.409171104431152,-6.986080169677734,4.490267753601074,68.96781921386719,1.316957950592041,4.789717197418213,24.675769805908203,1.0761408805847168,4.361166000366211,20.177846908569336,5.907960414886475,5.20420503616333,61.98774719238281,-2.371074676513672,3.8939805030822754,20.785078048706055,move
sub_11_trial_034,sub_11,34,-3.041365623474121,4.577390670776367,30.20241355895996,-6.867622375488281,6.6761345863342285,91.73501586914062,-6.320746421813965,4.862716197967529,63.59785079956055,3.119419574737549,4.844304084777832,33.198062896728516,-5.271138668060303,5.185845851898193,54.67790603637695,2.075629234313965,2.9915771484375,13.257768630981445,7.52816915512085,5.8919782638549805,91.38873291015625,1.8740801811218262,5.122241973876953,29.74953842163086,rest
sub_11_trial_035,sub_11,35,-1.0896493196487427,3.1375298500061035,11.031429290771484,-5.8043084144592285,3.518385171890259,46.06903076171875,2.572282314300537,3.124934434890747,16.381853103637695,-11.524885177612305,8.365524291992188,202.8049774169922,3.6224236488342285,4.616662979125977,34.43553161621094,1.1478501558303833,3.0686943531036377,10.734444618225098,7.476802349090576,4.270827293395996,74.14254760742188,-3.335806369781494,4.506047248840332,31.432065963745117,move
sub_11_trial_036,sub_11,36,-8.442655563354492,3.655111074447632,84.63825225830078,-11.485767364501953,4.934696674346924,156.2740936279297,0.25598153471946716,2.792947769165039,7.866084098815918,-4.735001087188721,4.937865734100342,46.80274963378906,8.118117332458496,5.558447360992432,96.8001480102539,-1.4908982515335083,2.8761167526245117,10.49482536315918,-9.640521049499512,5.227313995361328,120.26446533203125,-9.687265396118164,5.562794208526611,124.78778839111328,move
sub_11_trial_037,sub_11,37,3.3148179054260254,3.356971025466919,22.257272720336914,2.9574472904205322,4.391171455383301,28.028879165649414,1.5556612014770508,3.7224714756011963,16.276874542236328,3.390563488006592,5.722334384918213,44.241031646728516,-9.275394439697266,5.298745155334473,114.10964965820312,3.2171318531036377,4.062003135681152,26.84980583190918,-1.7500633001327515,4.487634181976318,23.201580047607422,0.6959943771362305,4.243823528289795,18.494447708129883,rest
sub_11_trial_038,sub_11,38,-6.915791988372803,3.558145523071289,60.48857879638672,-5.789644718170166,3.676713705062866,47.038211822509766,-6.527607440948486,3.789440155029297,56.969512939453125,-5.906371116638184,4.823798656463623,58.15425109863281,10.102717399597168,6.577813625335693,145.33253479003906,-5.303227424621582,3.279813289642334,38.88139724731445,1.5668423175811768,4.578583240509033,23.418418884277344,0.06958706676959991,3.3029701709747314,10.91445541381836,rest
sub_11_trial_039,sub_11,39,-0.028505271300673485,2.884080410003662,8.318731307983398,-0.10199035704135895,3.605526924133301,13.010225296020508,7.013947486877441,3.477069139480591,61.285465240478516,1.4198405742645264,5.862388610839844,36.383548736572266,-5.783998966217041,5.373583793640137,62.330047607421875,-1.0664732456207275,4.48787784576416,21.278413772583008,-0.704124391078949,3.766096830368042,14.679277420043945,3.2222740650177,4.7792582511901855,33.224361419677734,move
sub_12_trial_000,sub_12,0,1.7797977924346924,1.4464030265808105,5.259761810302734,0.11648526787757874,2.5209269523620605,6.368640422821045,3.400786876678467,3.695709705352783,25.22361946105957,-0.6295577883720398,4.366380214691162,19.461620330810547,-2.650467872619629,4.7874298095703125,29.94446563720703,-2.65400767326355,2.6848843097686768,14.252363204956055,-2.8451709747314453,2.7321810722351074,15.559809684753418,6.300563335418701,3.2786896228790283,50.4468994140625,rest
sub_12_trial_001,sub_12,1,3.424198627471924,2.440579652786255,17.681564331054688,-5.356630802154541,2.7030909061431885,36.00019454956055,1.856311559677124,3.0244457721710205,12.593165397644043,0.27024421095848083,3.79256010055542,14.456543922424316,-4.167766094207764,5.100168704986572,43.381996154785156,3.3276469707489014,3.6051433086395264,24.070293426513672,-0.8870276212692261,2.672929048538208,7.931368350982666,-1.978342890739441,3.326695203781128,14.980740547180176,rest
sub_12_trial_002,sub_12,2,-0.1649567186832428,1.8808414936065674,3.564775228500366,-7.921506881713867,3.7469065189361572,76.78958892822266,2.1037511825561523,1.965376377105713,8.288474082946777,-1.982814908027649,2.6026368141174316,10.705273628234863,1.8439627885818481,4.126347064971924,20.426939010620117,-0.6800988912582397,2.7419724464416504,7.9809465408325195,-2.9355859756469727,3.4449312686920166,20.485214233398438,4.10914421081543,3.946307897567749,32.45840835571289,move
sub_12_trial_003,sub_12,3,-0.7218214869499207,1.73358154296875,3.5263309478759766,1.442690372467041,3.4131412506103516,13.730888366699219,-0.5708094239234924,2.538705348968506,6.770847797393799,8.303682327270508,4.870107650756836,92.6690902709961,-2.6567842960357666,4.528078556060791,27.561996459960938,6.915645122528076,3.0417909622192383,57.07863235473633,-1.0378175973892212,2.571375608444214,7.689037799835205,-6.455302715301514,3.4191408157348633,53.36146545410156,rest
sub_12_trial_004,sub_12,4,-4.213043689727783,2.511756181716919,24.058652877807617,-1.5383036136627197,3.1710519790649414,12.421948432922363,-3.903846263885498,2.399317741394043,20.99673843383789,2.5542685985565186,2.8585143089294434,14.695390701293945,4.214008331298828,5.294249534606934,45.78694534301758,-0.05512823536992073,2.5731420516967773,6.624100208282471,5.496719837188721,2.909956693649292,38.6817741394043,-2.719550371170044,3.2341628074645996,17.85576629638672,move
sub_12_trial_005,sub_12,5,-0.5824041962623596,2.2224252223968506,5.2783684730529785,2.834909200668335,5.900059700012207,42.847415924072266,-0.9654936194419861,3.2844796180725098,11.719985961914062,6.88911247253418,5.4015326499938965,76.63642883300781,-0.9860583543777466,5.244520664215088,28.477304458618164,2.11519193649292,3.4313080310821533,16.247909545898438,1.1854220628738403,3.9516797065734863,17.020998001098633,-5.248637676239014,4.126960277557373,44.579994201660156,rest
sub_12_trial_006,sub_12,6,-0.8015652894973755,2.086042642593384,4.994080066680908,4.146751880645752,3.4394516944885254,29.025379180908203,2.061861038208008,3.318514823913574,15.263811111450195,0.6659379005432129,2.9025843143463135,8.868470191955566,2.952770709991455,5.1868486404418945,35.62225341796875,-5.646387577056885,4.289312839508057,50.279903411865234,-1.307645559310913,2.3775393962860107,7.3626298904418945,-2.9864046573638916,3.4554200172424316,20.858539581298828,move
sub_12_trial_007,sub_12,7,-4.049310684204102,2.923964023590088,24.946481704711914,4.127419948577881,4.652295112609863,38.679447174072266,-4.338247299194336,2.5072858333587646,25.106870651245117,0.48387768864631653,5.06901216506958,25.92902374267578,-0.964888334274292,5.141611099243164,27.367172241210938,3.9727511405944824,2.7145302295684814,23.151426315307617,-1.1866481304168701,2.5129945278167725,7.723274230957031,-1.9409042596817017,5.085762023925781,29.632081985473633,rest
sub_12_trial_008,sub_12,8,2.045287847518921,1.686212420463562,7.026514530181885,1.0528407096862793,2.961658477783203,9.879895210266113,-1.18361496925354,3.0949811935424805,10.979853630065918,0.3252347409725189,4.573405742645264,21.021818161010742,-3.685835361480713,4.586756229400635,34.62371826171875,-1.1052531003952026,2.966972827911377,10.024511337280273,1.5483689308166504,3.3732545375823975,13.776290893554688,-2.205307722091675,2.806265115737915,12.738504409790039,move
sub_12_trial_009,sub_12,9,-1.3057060241699219,2.2206854820251465,6.636312484741211,-6.843409061431885,4.219072341918945,64.63282012939453,-0.16638049483299255,2.5468921661376953,6.514342784881592,-3.449702739715576,3.5539979934692383,24.53135108947754,-6.619974136352539,4.607083320617676,65.04927825927734,6.0450758934021,4.72654390335083,58.88315963745117,-0.18367278575897217,2.888314723968506,8.376097679138184,-1.2643511295318604,3.9619007110595703,17.295242309570312,rest
sub_12_trial_010,sub_12,10,-0.08892449736595154,1.5268259048461914,2.3391048908233643,-6.524870872497559,4.566287994384766,63.42493438720703,-4.1103034019470215,2.6241772174835205,23.780899047851562,-4.735294342041016,4.00549840927124,38.4670295715332,-5.566795825958252,5.608147144317627,62.44052505493164,4.996151447296143,3.6088006496429443,37.9849739074707,0.6754317879676819,3.0387377738952637,9.690135955810547,-1.6055214405059814,2.865762233734131,10.790291786193848,rest
sub_12_trial_011,sub_12,11,-4.971114158630371,2.65425968170166,31.7570743560791,-2.8402462005615234,2.7708821296691895,15.744786262512207,-3.9126973152160645,2.77716064453125,23.02182388305664,2.1930058002471924,2.634516716003418,11.749953269958496,5.015440464019775,3.60141658782959,38.12484359741211,4.816756725311279,3.497751235961914,35.4354133605957,-1.1852083206176758,2.4937963485717773,7.623739719390869,-9.130661964416504,4.6026434898376465,104.55332946777344,move
sub_12_trial_012,sub_12,12,-0.10902168601751328,1.8973044157028198,3.611649990081787,-4.414759635925293,4.602426052093506,40.672428131103516,-2.7116169929504395,2.687368631362915,14.574816703796387,-4.816341876983643,4.260829448699951,41.35181427001953,-3.929664134979248,4.019289970397949,31.596948623657227,4.02826452255249,4.873220443725586,39.975196838378906,-3.1263930797576904,3.883570671081543,24.856456756591797,-6.264988422393799,4.600266456604004,60.412532806396484,move
sub_12_trial_013,sub_12,13,-2.062351942062378,1.5348374843597412,6.609022617340088,8.885169982910156,5.840275287628174,113.05506134033203,-3.0117886066436768,2.371035575866699,14.692681312561035,1.9670276641845703,3.1891345977783203,14.039778709411621,2.046323537826538,4.062891483306885,20.69452667236328,-1.1330143213272095,3.9991068840026855,17.27657699584961,-5.8965020179748535,4.342589378356934,53.62681198120117,-1.8816255331039429,2.969614028930664,12.359123229980469,rest
sub_12_trial_014,sub_12,14,-0.5604846477508545,1.7505707740783691,3.378641366958618,-3.975579023361206,2.959559679031372,24.56422233581543,-2.097691059112549,2.469245672225952,10.497482299804688,-6.028160095214844,3.4667770862579346,48.357261657714844,-5.6515936851501465,5.759827136993408,65.11611938476562,-1.485414981842041,3.058878183364868,11.563193321228027,4.278571605682373,2.9176981449127197,26.819141387939453,1.9171677827835083,2.8351516723632812,11.713617324829102,move
sub_12_trial_015,sub_12,15,1.3533275127410889,1.8674248456954956,5.318770408630371,-0.10328979790210724,3.0673861503601074,9.419527053833008,0.5802038311958313,2.597109794616699,7.0816168785095215,3.452780246734619,3.7081899642944336,25.67236328125,-2.2813684940338135,4.493427753448486,25.395532608032227,-4.204566478729248,3.3639824390411377,28.994754791259766,1.114969253540039,2.660921096801758,8.323657989501953,5.9120378494262695,4.0837907791137695,51.629539489746094,rest
sub_12_trial_016,sub_12,16,3.673520088195801,1.8483291864395142,16.911069869995117,0.6758877038955688,2.728498697280884,7.901529312133789,-0.4448278248310089,2.2745816707611084,5.371594429016113,-4.545523643493652,3.0585083961486816,30.016254425048828,-4.225080966949463,3.4968574047088623,30.079320907592773,-1.4167217016220093,2.6086206436157227,8.812002182006836,1.6377662420272827,2.9545297622680664,11.411523818969727,-1.884681224822998,4.61406946182251,24.841659545898438,move
sub_12_trial_017,sub_12,17,-0.7569717168807983,1.7766681909561157,3.729556083679199,3.437025785446167,4.006330966949463,27.86383628845215,-0.720598042011261,1.9908554553985596,4.482767105102539,-0.21004745364189148,2.905442237854004,8.485713005065918,0.0013068848056718707,4.520052909851074,20.430879592895508,-3.494455575942993,2.7511281967163086,19.779926300048828,0.862994372844696,2.785961627960205,8.506341934204102,2.651829719543457,2.714587926864624,14.401188850402832,move
sub_12_trial_018,sub_12,18,1.160431146621704,1.5560778379440308,3.7679786682128906,-1.780529499053955,4.362629413604736,22.202823638916016,-1.81089448928833,2.3887856006622314,8.985634803771973,4.050353050231934,3.3735976219177246,27.786523818969727,-7.403434753417969,4.846087455749512,78.29541778564453,2.4593589305877686,3.1061997413635254,15.696921348571777,-2.152107000350952,2.6611764430999756,11.713422775268555,0.62242591381073,2.8139078617095947,8.305492401123047,rest
sub_12_trial_019,sub_12,19,2.5798521041870117,1.6687028408050537,9.440207481384277,-1.5119022130966187,3.2585484981536865,12.903986930847168,1.8857576847076416,2.324347496032715,8.958671569824219,-3.036116600036621,3.9735989570617676,25.007495880126953,-4.216372966766357,5.951393127441406,53.196876525878906,-3.8577373027801514,2.5969817638397217,21.626453399658203,-0.8109636306762695,3.3455817699432373,11.850580215454102,1.8454893827438354,3.847130298614502,18.20624542236328,rest
sub_12_trial_020,sub_12,20,-2.785046339035034,2.473073720932007,13.872575759887695,12.045968055725098,5.77136754989624,178.41400146484375,-0.8821645379066467,2.4131200313568115,6.601362228393555,-0.05612356588244438,2.5540740489959717,6.5264434814453125,5.9025654792785645,3.952753782272339,50.464542388916016,-5.5412421226501465,2.770448684692383,38.3807487487793,-3.6092052459716797,2.6757380962371826,20.185937881469727,-0.9039584994316101,2.682746171951294,8.014267921447754,move
sub_12_trial_021,sub_12,21,0.9392566084861755,1.718939185142517,3.8369553089141846,0.31272879242897034,2.800250291824341,7.939200401306152,-0.08844433724880219,2.707799196243286,7.339999198913574,-1.5810949802398682,4.349081039428711,21.414369583129883,-4.130748748779297,5.476123332977295,47.05100631713867,-6.0701904296875,4.732395172119141,59.24278259277344,3.5277528762817383,3.71578049659729,26.252065658569336,3.0720410346984863,4.635807514190674,30.928146362304688,rest
sub_12_trial_022,sub_12,22,2.4023499488830566,1.8891398906707764,9.340134620666504,-2.7505669593811035,3.28877592086792,18.381664276123047,5.066304683685303,3.15612530708313,35.628570556640625,-3.5596113204956055,3.345703125,23.86456298828125,-4.0857768058776855,3.347034215927124,27.896211624145508,-4.474302768707275,2.8516387939453125,28.151226043701172,1.718518853187561,2.8037281036376953,10.81419849395752,3.246706008911133,2.7864232063293457,18.305253982543945,move
sub_12_trial_023,sub_12,23,1.0636132955551147,1.7000664472579956,4.0214996337890625,-2.934540033340454,4.501960277557373,28.879167556762695,0.467353492975235,2.0280778408050537,4.331519603729248,-1.3306710720062256,2.7656149864196777,9.4193115234375,0.5902170538902283,4.429653644561768,19.970186233520508,1.9409688711166382,2.938904047012329,12.40451717376709,-1.3752140998840332,2.617013692855835,8.739974975585938,4.81040620803833,3.538219451904297,35.65900421142578,move
sub_12_trial_024,sub_12,24,-0.39471668004989624,1.8516019582748413,3.584231376647949,-0.2656037509441376,3.560168981552124,12.745348930358887,-2.874741554260254,2.4267578125,14.153292655944824,-0.1232857033610344,3.6441922187805176,13.29533576965332,-1.2161784172058105,4.773803234100342,24.268285751342773,2.381251573562622,2.9566776752471924,14.41230297088623,-0.3355717658996582,3.3725502490997314,11.486703872680664,1.7452670335769653,3.0422418117523193,12.301191329956055,rest
sub_12_trial_025,sub_12,25,-2.111152172088623,1.723758578300476,7.428307056427002,7.114801406860352,5.108362674713135,76.71576690673828,-3.0023274421691895,2.7393858432769775,16.518205642700195,4.273910045623779,4.095288276672363,35.03769302368164,4.54685640335083,4.644967079162598,42.24962615966797,-0.7458718419075012,3.5662331581115723,13.274344444274902,1.2587419748306274,2.5010881423950195,7.83987283706665,-3.8977134227752686,3.162832498550415,25.195680618286133,rest
sub_12_trial_026,sub_12,26,-0.3019683361053467,1.6300418376922607,2.7482213973999023,-0.8573410511016846,2.7481164932250977,8.287178993225098,-0.6930921673774719,2.313613176345825,5.833181858062744,-0.8119240999221802,3.7264208793640137,14.545433044433594,-3.3534159660339355,4.497342586517334,31.471492767333984,-5.906196117401123,3.723341226577759,48.74642562866211,1.0607709884643555,2.5087082386016846,7.41885232925415,3.149460792541504,3.344801664352417,21.106800079345703,rest
sub_12_trial_027,sub_12,27,-0.4583072364330292,1.5768178701400757,2.6963999271392822,7.514858722686768,4.710260391235352,78.65965270996094,-3.855576753616333,2.9427175521850586,23.52505874633789,-3.1319541931152344,4.043502330780029,26.159048080444336,-0.8789204359054565,4.491138935089111,20.942827224731445,-0.15371336042881012,2.8607680797576904,8.207622528076172,-4.725119113922119,3.409102439880371,33.94873046875,-2.5596325397491455,2.8492534160614014,14.669962882995605,rest
sub_12_trial_028,sub_12,28,1.6478103399276733,1.889497995376587,6.2854814529418945,-1.13009774684906,3.298522710800171,12.15737533569336,5.98818826675415,3.1774744987487793,45.95474624633789,-9.491683959960938,5.295258045196533,118.1318130493164,1.983984112739563,3.2594943046569824,14.56049633026123,-4.8041534423828125,2.855329990386963,31.23280143737793,-0.4398995637893677,2.4675376415252686,6.282253742218018,4.442941188812256,3.665591239929199,33.17628860473633,move
sub_12_trial_029,sub_12,29,4.012816429138184,2.440303087234497,22.057777404785156,-3.4195001125335693,3.040173053741455,20.935632705688477,1.5005099773406982,2.5187602043151855,8.595684051513672,-0.5507849454879761,3.4314382076263428,12.078132629394531,-2.2733237743377686,4.811284065246582,28.316457748413086,2.9868485927581787,3.487368583679199,21.083003997802734,-8.440972328186035,5.7256879806518555,104.03352355957031,1.4961235523223877,3.2493526935577393,12.796677589416504,rest
sub_12_trial_030,sub_12,30,0.2799411118030548,1.9186935424804688,3.759751796722412,-3.040334939956665,3.147181510925293,19.148386001586914,2.285229444503784,3.0213675498962402,14.350934982299805,-5.705410957336426,3.4098751544952393,44.17897033691406,-3.6860311031341553,3.327209711074829,24.657148361206055,-5.940229415893555,5.525187969207764,65.81402587890625,-0.015078247524797916,2.9122705459594727,8.481548309326172,-2.024095058441162,3.303056001663208,15.0071382522583,move
sub_12_trial_031,sub_12,31,1.456942081451416,1.9653632640838623,5.98533296585083,-2.1900510787963867,3.4437246322631836,16.655563354492188,0.2723850905895233,1.8707895278930664,3.5740468502044678,-0.6080008745193481,2.4777462482452393,6.508891582489014,-3.3143529891967773,3.956481456756592,26.638681411743164,3.420239210128784,2.539029836654663,18.14470672607422,-1.4577271938323975,2.2722890377044678,7.288266658782959,-2.4229655265808105,2.8765738010406494,14.145439147949219,move
sub_12_trial_032,sub_12,32,2.204611301422119,2.4041686058044434,10.640337944030762,1.1186654567718506,2.8217663764953613,9.213777542114258,0.10127294808626175,2.5252010822296143,6.386897087097168,-3.3743951320648193,3.443572521209717,23.244733810424805,-5.778000354766846,5.978344917297363,69.12589263916016,-4.6884684562683105,3.479304075241089,34.08728790283203,3.0261802673339844,3.1135497093200684,18.851959228515625,6.527782440185547,4.2781524658203125,60.91453170776367,rest
sub_12_trial_033,sub_12,33,-2.7693300247192383,2.376948118209839,13.319070816040039,-2.9493565559387207,2.5989465713500977,15.453226089477539,-2.8144445419311523,2.490712881088257,14.124749183654785,2.018214464187622,3.115251302719116,13.77798080444336,0.999954342842102,3.9933245182037354,16.94654655456543,9.6181640625,5.01638650894165,117.67321014404297,-6.545454978942871,3.8991408348083496,58.04627990722656,-2.5394906997680664,3.889413595199585,21.57655143737793,rest
sub_12_trial_034,sub_12,34,-1.360849142074585,1.7309480905532837,4.8480916023254395,2.0262560844421387,2.934843063354492,12.719016075134277,-0.6213787198066711,2.4137279987335205,6.212194442749023,-3.4769437313079834,3.8421247005462646,26.851062774658203,-1.7467553615570068,3.5301735401153564,15.513280868530273,1.3083348274230957,2.6592354774475098,8.783273696899414,2.8420941829681396,2.508814811706543,14.37165355682373,0.6358005404472351,3.3003201484680176,11.296355247497559,move
sub_12_trial_035,sub_12,35,-2.859401226043701,2.4353890419006348,14.107295036315918,2.110412120819092,3.2498884201049805,15.015613555908203,-0.36716243624687195,2.3601648807525635,5.705186367034912,-2.660867691040039,3.484166145324707,19.21963119506836,9.92846965789795,6.7218122482299805,143.75726318359375,2.3581411838531494,2.8484678268432617,13.674599647521973,-0.9725779891014099,2.717101573944092,8.328547477722168,-8.552652359008789,4.781010150909424,96.00590515136719,rest
sub_12_trial_036,sub_12,36,0.463422566652298,1.4436687231063843,2.2989399433135986,4.713258743286133,4.117102146148682,39.165340423583984,3.7330431938171387,2.5871646404266357,20.629032135009766,-0.0490373857319355,3.222195625305176,10.3849515914917,3.286231517791748,3.921194553375244,26.175085067749023,-2.7422070503234863,3.778468608856201,21.796527862548828,0.3148905634880066,2.8862249851226807,8.429450988769531,-1.566823959350586,3.1777989864349365,12.553343772888184,move
sub_12_trial_037,sub_12,37,0.08221299201250076,1.4060240983963013,1.9836629629135132,3.177349805831909,3.7059311866760254,23.82948112487793,1.9644163846969604,1.9253740310668945,7.565997123718262,4.014488220214844,3.318915605545044,27.131317138671875,3.7648887634277344,3.7348453998565674,28.123456954956055,0.21843194961547852,3.3298349380493164,11.135512351989746,2.8175361156463623,2.874061346054077,16.198740005493164,-3.9788167476654053,2.887547731399536,24.168916702270508,move
sub_12_trial_038,sub_12,38,-1.0789883136749268,1.519680142402649,3.4736435413360596,-5.415096282958984,4.8813629150390625,53.15097427368164,2.684751272201538,2.856335401535034,15.366540908813477,-0.07323101907968521,3.4420645236968994,11.853172302246094,9.694186210632324,4.96054220199585,118.58423614501953,-3.002654552459717,2.685049057006836,16.225421905517578,-2.4078691005706787,3.902066469192505,21.023956298828125,2.3445887565612793,3.4697937965393066,17.53656578063965,move
sub_12_trial_039,sub_12,39,-3.190528154373169,1.8237367868423462,13.50548267364502,-3.168527841567993,3.525911331176758,22.47161865234375,1.575456976890564,1.895980715751648,6.076807498931885,-5.463789463043213,3.6402900218963623,43.104705810546875,7.511180877685547,4.161026477813721,73.73197937011719,-3.5431463718414307,3.5268216133117676,24.992359161376953,5.952970027923584,5.853452205657959,69.70075988769531,2.1824769973754883,3.028510570526123,13.935083389282227,move
sub_13_trial_000,sub_13,0,-0.5858982801437378,3.2759578227996826,11.075176239013672,-1.8190791606903076,2.5109903812408447,9.61412239074707,-4.780473709106445,3.0816197395324707,32.34931182861328,-1.0451396703720093,2.401064157485962,6.857425212860107,-1.1668334007263184,1.7022385597229004,4.259116172790527,-1.7167445421218872,3.0869383811950684,12.476400375366211,0.23419645428657532,2.7510743141174316,7.623257637023926,-0.21980510652065277,2.06317400932312,4.3050007820129395,move
sub_13_trial_001,sub_13,1,-0.10218285769224167,3.3070337772369385,10.946913719177246,-2.949233293533325,3.515709638595581,21.058191299438477,3.68808650970459,2.556230306625366,20.136295318603516,-1.4637718200683594,3.0895864963531494,11.6881742477417,2.790024995803833,1.9335039854049683,11.522675514221191,-8.161820411682129,3.8429300785064697,81.3834228515625,-8.103137969970703,4.816389560699463,88.85845184326172,3.4772326946258545,4.339834690093994,30.925315856933594,move
sub_13_trial_002,sub_13,2,-4.826261043548584,3.8800714015960693,38.347755432128906,-4.14908504486084,4.699951171875,39.304447174072266,0.24852849543094635,2.4066340923309326,5.853653907775879,0.7484748363494873,2.2345707416534424,5.553521633148193,-1.0183353424072266,1.8815714120864868,4.577317237854004,0.4232980012893677,3.393038034439087,11.691888809204102,-1.1833512783050537,3.0587892532348633,10.756511688232422,-5.288751125335693,3.4629857540130615,39.96315383911133,move
sub_13_trial_003,sub_13,3,6.058356285095215,3.4626052379608154,48.69332504272461,2.9187145233154297,2.3281679153442383,13.939261436462402,1.4747822284698486,2.9687626361846924,10.988533973693848,1.1240702867507935,2.7476136684417725,8.812914848327637,4.003942012786865,2.7997467517852783,23.870132446289062,3.326976776123047,3.0870420932769775,20.598604202270508,2.928678274154663,2.6655361652374268,15.682238578796387,-4.415106296539307,3.214073657989502,29.82343292236328,rest
sub_13_trial_004,sub_13,4,4.910986423492432,5.60543155670166,55.53865051269531,-0.6075583696365356,2.7285006046295166,7.8138427734375,-3.554502010345459,3.4778196811676025,24.729717254638672,-2.309612274169922,2.7362637519836426,12.821447372436523,2.3752355575561523,3.599095106124878,18.595230102539062,6.10350227355957,3.4339897632598877,49.0450325012207,-0.3700009286403656,3.02144455909729,9.266027450561523,1.1353709697723389,2.8246448040008545,9.267684936523438,rest
sub_13_trial_005,sub_13,5,-2.738687038421631,2.7715225219726562,15.181743621826172,4.649693965911865,3.402238607406616,33.194881439208984,1.7718253135681152,2.7844481468200684,10.892515182495117,2.343024969100952,2.221707344055176,10.425748825073242,-4.135892868041992,2.653493642807007,24.14664077758789,0.7323811054229736,3.0590879917144775,9.894400596618652,3.8856425285339355,2.6645724773406982,22.198165893554688,0.17734399437904358,2.8731486797332764,8.286433219909668,move
sub_13_trial_006,sub_13,6,-1.136075735092163,4.279984474182129,19.60893440246582,2.3993968963623047,2.312950611114502,11.106847763061523,-4.264260768890381,3.2197635173797607,28.550792694091797,-1.4165306091308594,3.2220914363861084,12.388431549072266,-1.9926936626434326,2.5157296657562256,10.299722671508789,2.55277156829834,2.590076446533203,13.225136756896973,5.260766983032227,3.2193870544433594,38.04012680053711,0.451613187789917,1.9687252044677734,4.079833507537842,rest
sub_13_trial_007,sub_13,7,7.069032669067383,3.216947317123413,60.319969177246094,6.359499931335449,3.263526439666748,51.09384536743164,3.4326226711273193,4.29559326171875,30.235017776489258,2.075648307800293,2.4795353412628174,10.45641040802002,4.741995811462402,3.038006544113159,31.71600914001465,-2.022597551345825,3.6113545894622803,17.132783889770508,-0.21638919413089752,3.180445909500122,10.162060737609863,1.7040836811065674,2.7535693645477295,10.486044883728027,move
sub_13_trial_008,sub_13,8,-3.20212984085083,3.4941389560699463,22.4626407623291,0.9159190654754639,2.484736680984497,7.012825012207031,-2.6415092945098877,2.952226400375366,15.693208694458008,-2.6584439277648926,2.6182353496551514,13.922478675842285,-2.750694990158081,2.0041487216949463,11.58293628692627,0.8662975430488586,2.628507137298584,7.659521579742432,-1.6565064191818237,3.1061196327209473,12.39199447631836,3.1644766330718994,2.68049693107605,17.198974609375,move
sub_13_trial_009,sub_13,9,-2.1296255588531494,3.039466381072998,13.773659706115723,-5.796037673950195,3.7483394145965576,47.64409637451172,-2.2782540321350098,2.8838231563568115,13.506878852844238,0.18183869123458862,2.2841737270355225,5.250515460968018,0.8137529492378235,2.0200445652008057,4.74277400970459,2.099966049194336,3.5136988162994385,16.755937576293945,-2.64632511138916,2.7315709590911865,14.464515686035156,0.09218224883079529,2.888169765472412,8.350022315979004,move
sub_13_trial_010,sub_13,10,-6.249724388122559,3.7938385009765625,53.452274322509766,-4.329513072967529,3.3699872493743896,30.10149574279785,-3.160031795501709,3.336313486099243,21.116790771484375,-3.9867000579833984,2.3753278255462646,21.53595733642578,-3.8957583904266357,2.645080804824829,22.173383712768555,-1.4736684560775757,2.493065118789673,8.387072563171387,-1.6926324367523193,2.3047518730163574,8.176885604858398,-1.0560146570205688,2.360856294631958,6.688808917999268,move
sub_13_trial_011,sub_13,11,0.44588136672973633,2.397123098373413,5.945009708404541,4.101480484008789,2.865900754928589,25.0355281829834,2.4447436332702637,3.235612154006958,16.445959091186523,2.5839884281158447,3.42219614982605,18.3884220123291,-0.8207694292068481,2.0106892585754395,4.716533660888672,-5.6082305908203125,3.5881710052490234,44.32721710205078,-2.8305435180664062,2.698425531387329,15.293475151062012,-0.19546423852443695,2.4652597904205322,6.115711688995361,rest
sub_13_trial_012,sub_13,12,-3.5122342109680176,3.521310806274414,24.73541831970215,-2.7132568359375,2.96490478515625,16.152421951293945,-6.012033462524414,3.8413307666778564,50.90037536621094,2.574784278869629,3.053377389907837,15.952627182006836,-3.9624454975128174,2.6181108951568604,22.55548095703125,-2.745723247528076,3.0448458194732666,16.810081481933594,4.349303245544434,3.02868390083313,28.089365005493164,-0.06873200833797455,2.0615017414093018,4.254512786865234,rest
sub_13_trial_013,sub_13,13,3.4378812313079834,3.5464789867401123,24.396541595458984,-0.1904023140668869,2.96332049369812,8.817521095275879,0.5450872778892517,3.052773952484131,9.616548538208008,3.9133338928222656,3.4431562423706055,27.16950798034668,1.9482510089874268,3.0442633628845215,13.06322193145752,2.940269708633423,2.4591805934906006,14.692754745483398,1.8888436555862427,3.410219430923462,15.1973237991333,-0.05919625982642174,2.8961575031280518,8.391231536865234,rest
sub_13_trial_014,sub_13,14,0.1807439625263214,3.07936954498291,9.515185356140137,-0.30651116371154785,2.234436511993408,5.086656093597412,-8.103792190551758,3.736191511154175,79.63057708740234,-2.1981558799743652,2.865069627761841,13.040512084960938,-0.7040367722511292,2.86484432220459,8.703001976013184,-1.9136193990707397,2.994832754135132,12.630963325500488,1.4222042560577393,2.97259521484375,10.858986854553223,-1.317149043083191,2.748422861099243,9.28870964050293,rest
sub_13_trial_015,sub_13,15,-5.800424575805664,4.228183269500732,51.522457122802734,-6.548459529876709,3.342461109161377,54.05436325073242,-3.4809508323669434,3.1106088161468506,21.792905807495117,-5.230198383331299,4.507357597351074,47.67124557495117,-2.9406421184539795,2.709017038345337,15.986148834228516,-2.4944708347320557,2.791963577270508,14.017447471618652,-2.7823238372802734,3.083300828933716,17.248069763183594,1.8684108257293701,3.255544424057007,14.089527130126953,rest
sub_13_trial_016,sub_13,16,2.9540956020355225,2.901459217071533,17.1451473236084,2.867544412612915,2.4808225631713867,14.377291679382324,3.913886308670044,2.6051390171051025,22.105253219604492,-2.057298183441162,2.1888813972473145,9.023677825927734,0.999451756477356,2.175529718399048,5.731832981109619,1.0964933633804321,2.9347777366638184,9.815217018127441,-0.0837574452161789,2.5209879875183105,6.362395763397217,4.9721856117248535,2.801359176635742,32.57024383544922,move
sub_13_trial_017,sub_13,17,6.532375812530518,3.303292989730835,53.58368682861328,2.4382388591766357,2.8605964183807373,14.128021240234375,-2.7332093715667725,2.401272773742676,13.236544609069824,6.711376190185547,3.552941083908081,57.66596603393555,2.1331584453582764,3.1818389892578125,14.674466133117676,0.4654662311077118,2.7169203758239746,7.598315238952637,5.034008026123047,2.534083604812622,31.762807846069336,-3.634692668914795,4.970109939575195,37.91298294067383,move
sub_13_trial_018,sub_13,18,-4.142277240753174,3.823748826980591,31.77952003479004,-1.7603154182434082,2.482555627822876,9.26179313659668,0.4917699098587036,2.2643330097198486,5.369041442871094,3.989030122756958,2.248239278793335,20.966941833496094,0.5649187564849854,1.8144278526306152,3.6112818717956543,-8.320952415466309,4.028183937072754,85.46450805664062,-2.94889235496521,3.3258140087127686,19.75700569152832,-4.636552333831787,3.7919387817382812,35.87641525268555,move
sub_13_trial_019,sub_13,19,2.2520978450775146,3.026139736175537,14.22946548461914,-0.34429413080215454,2.2606725692749023,5.2291789054870605,-5.436376094818115,4.347975730895996,48.45907974243164,1.1711395978927612,4.010491847991943,17.455612182617188,-0.9232592582702637,2.3308157920837402,6.285109996795654,4.26919412612915,4.04233455657959,34.56648254394531,5.680404186248779,5.23598575592041,59.682533264160156,-0.0796118751168251,3.035977363586426,9.22349739074707,rest
sub_13_trial_020,sub_13,20,1.2851027250289917,5.6308159828186035,33.35757827758789,-0.5912607312202454,3.446427583694458,12.227453231811523,-2.348167896270752,4.167934417724609,22.885570526123047,-0.7301351428031921,2.654665231704712,7.580345153808594,1.4907933473587036,2.49190616607666,8.432061195373535,-1.9060479402542114,3.8531720638275146,18.47995376586914,-3.3238534927368164,3.3249690532684326,22.10342025756836,-1.5448722839355469,2.01082181930542,6.43003511428833,rest
sub_13_trial_021,sub_13,21,4.856235504150391,4.286616802215576,41.958106994628906,3.553985118865967,2.9105939865112305,21.102367401123047,1.1083840131759644,4.431401252746582,20.865833282470703,0.6838274598121643,2.954066753387451,9.19412899017334,3.944146156311035,2.594844102859497,22.289505004882812,-3.3979992866516113,3.9127252101898193,26.855815887451172,-2.4147279262542725,3.485227346420288,17.977720260620117,0.37074044346809387,2.4494566917419434,6.137286186218262,rest
sub_13_trial_022,sub_13,22,1.56546950340271,3.430591583251953,14.219653129577637,-0.1467120349407196,3.117891311645508,9.742770195007324,-1.15632164478302,3.5015289783477783,13.597784996032715,5.482597827911377,4.697465419769287,52.12506103515625,3.253251552581787,3.7154393196105957,24.38813591003418,-1.7192758321762085,4.969850063323975,27.655319213867188,2.7295444011688232,2.956110954284668,16.189006805419922,-1.1995776891708374,2.8175384998321533,9.377510070800781,rest
sub_13_trial_023,sub_13,23,-1.7811661958694458,3.1653525829315186,13.192009925842285,1.0723979473114014,2.7481229305267334,8.702217102050781,0.35848596692085266,3.399120569229126,11.682533264160156,1.8012166023254395,2.7103028297424316,10.590123176574707,-1.1023285388946533,2.3134829998016357,6.567331314086914,-0.8755737543106079,2.6610281467437744,7.847700119018555,1.415010690689087,2.4978108406066895,8.241313934326172,-1.2615137100219727,2.6700286865234375,8.720470428466797,rest
sub_13_trial_024,sub_13,24,-0.41091233491897583,2.955200433731079,8.902058601379395,-1.838672161102295,2.5326619148254395,9.79509162902832,-1.538593053817749,3.134577751159668,12.192846298217773,-1.6887569427490234,3.642963171005249,16.123079299926758,-0.4060209393501282,2.1103150844573975,4.618283271789551,2.614806890487671,2.7233502864837646,14.253852844238281,-0.40667828917503357,2.856959342956543,8.327603340148926,2.099942922592163,2.247328281402588,9.460244178771973,rest
sub_13_trial_025,sub_13,25,-3.8582727909088135,3.4602651596069336,26.859704971313477,3.9618937969207764,2.538335084915161,22.139747619628906,1.8096654415130615,3.3362953662872314,14.405755043029785,-2.0392091274261475,2.793804883956909,11.96371841430664,-3.3372182846069336,2.2348074913024902,16.131391525268555,-0.7122192978858948,2.6537604331970215,7.549700736999512,1.7311773300170898,2.417344808578491,8.840531349182129,-0.8322409391403198,3.1968994140625,10.91279125213623,move
sub_13_trial_026,sub_13,26,2.0709617137908936,2.924607992172241,12.842214584350586,4.783463478088379,3.6423237323760986,36.14804458618164,-1.644043207168579,3.23555064201355,13.171666145324707,2.722515344619751,3.5326128005981445,19.891443252563477,1.2841142416000366,2.0961740016937256,6.04289436340332,-2.7287397384643555,6.2022199630737305,45.91355514526367,0.018083374947309494,2.48115611076355,6.156461715698242,-2.465940237045288,4.837888240814209,29.48602294921875,rest
sub_13_trial_027,sub_13,27,3.3744258880615234,3.0171706676483154,20.490066528320312,0.3803861141204834,2.366027355194092,5.74277925491333,4.681611061096191,3.4618258476257324,33.90171813964844,5.85982084274292,3.378021240234375,45.74852752685547,3.366445779800415,1.9595822095870972,15.172920227050781,3.5434393882751465,2.8231492042541504,20.52613639831543,2.2115390300750732,3.1124489307403564,14.57824420928955,-0.34078845381736755,2.0009851455688477,4.120078086853027,move
sub_13_trial_028,sub_13,28,-5.135848045349121,5.156795501708984,52.9694709777832,-0.35239413380622864,2.346306800842285,5.629336833953857,0.4921283423900604,2.477391242980957,6.379658222198486,-5.88845682144165,3.883014440536499,49.751731872558594,-3.256194829940796,2.70652437210083,17.928077697753906,-0.5294719934463501,2.999180793762207,9.275426864624023,-4.132488250732422,3.495600700378418,29.29668617248535,2.081545352935791,2.296110153198242,9.604952812194824,move
sub_13_trial_029,sub_13,29,-9.051374435424805,5.516458034515381,112.35867309570312,-5.971583843231201,3.3991539478302,47.21406173706055,5.118047714233398,4.00576114654541,42.24053955078125,-5.4078545570373535,3.2111945152282715,39.55665969848633,-4.493426322937012,3.5738699436187744,32.96342849731445,4.1112380027771,3.834650993347168,31.60682487487793,-3.029642105102539,3.1568596363067627,19.144493103027344,4.824814319610596,2.9829204082489014,32.17665100097656,rest
sub_13_trial_030,sub_13,30,0.43196433782577515,2.379380464553833,5.848044395446777,-4.073327541351318,3.0368149280548096,25.814241409301758,-1.41826331615448,2.6078073978424072,8.81213092803955,-0.5032980442047119,2.1932532787323,5.063668727874756,2.4231669902801514,2.076350212097168,10.18297004699707,-6.724780082702637,4.152770042419434,62.468170166015625,-3.7024435997009277,3.9125521183013916,29.016151428222656,1.347457766532898,3.8150343894958496,16.370128631591797,move
sub_13_trial_031,sub_13,31,-4.792667388916016,2.6511969566345215,29.998506546020508,0.46055784821510315,3.2328572273254395,10.66347885131836,1.0115467309951782,2.190333127975464,5.8207855224609375,-0.3996979594230652,2.0698838233947754,4.444177627563477,-0.248195618391037,1.7734006643295288,3.2065513134002686,-4.1365966796875,2.995836019515991,26.086463928222656,-2.2086997032165527,2.5019092559814453,11.137904167175293,-3.781057119369507,3.3674912452697754,25.636388778686523,move
sub_13_trial_032,sub_13,32,-3.317504405975342,2.9732882976531982,19.84627914428711,-3.9912192821502686,2.8536925315856934,24.073394775390625,-3.691066026687622,3.428342342376709,25.37749671936035,-0.3678615689277649,3.2719411849975586,10.840919494628906,-1.4429752826690674,1.788977861404419,5.282619953155518,-0.3512421250343323,2.8903849124908447,8.477697372436523,0.3775309920310974,2.894064426422119,8.518139839172363,-4.020703315734863,3.1858699321746826,26.315820693969727,move
sub_13_trial_033,sub_13,33,2.773898124694824,3.54936146736145,20.292478561401367,4.21458101272583,3.815855026245117,32.32344436645508,5.979115009307861,2.723456621170044,43.167030334472656,3.818504571914673,3.1297006607055664,24.376001358032227,0.8739612102508545,1.6308525800704956,3.4234883785247803,-5.7345194816589355,3.2061636447906494,43.16420364379883,-0.6834867000579834,3.5952203273773193,13.392765045166016,-0.4614892303943634,2.788233518600464,7.987217903137207,move
sub_13_trial_034,sub_13,34,4.074786186218262,2.713841676712036,23.968820571899414,1.5464636087417603,2.482884168624878,8.556262969970703,-4.364465236663818,3.0356192588806152,28.26354217529297,-0.3453979194164276,2.9176666736602783,8.632078170776367,2.20379638671875,2.256016254425049,9.946328163146973,1.3339945077896118,2.556720495223999,8.316360473632812,1.3950812816619873,2.6584243774414062,9.013471603393555,-0.32902196049690247,2.231904983520508,5.089654922485352,rest
sub_13_trial_035,sub_13,35,1.369451642036438,4.274084568023682,20.143192291259766,2.7963690757751465,3.344895601272583,19.008007049560547,5.205165386199951,4.832286834716797,50.44474792480469,0.862734317779541,3.0703399181365967,10.171296119689941,3.6121902465820312,3.5621120929718018,25.736560821533203,-4.657637596130371,4.050489902496338,38.10005569458008,-3.438234567642212,3.453096866607666,23.745338439941406,-3.719815492630005,2.5943055152893066,20.56744956970215,rest
sub_13_trial_036,sub_13,36,1.0872554779052734,2.6452863216400146,8.17966365814209,5.010210990905762,2.6613569259643555,32.18503189086914,5.4007463455200195,4.003525257110596,45.1962776184082,1.7810389995574951,2.9265477657318115,11.736781120300293,0.13024549186229706,1.5867770910263062,2.534825086593628,-5.117217063903809,2.7651209831237793,33.83180618286133,0.7599487900733948,2.9275944232940674,9.148331642150879,1.3586509227752686,2.076064109802246,6.155974388122559,move
sub_13_trial_037,sub_13,37,1.8876991271972656,2.680828332901001,10.750247955322266,-1.9219231605529785,2.4768974781036377,9.828810691833496,-2.4738237857818604,3.849564790725708,20.938955307006836,-3.329059600830078,2.8755857944488525,19.351633071899414,-2.5773651599884033,2.405738592147827,12.430389404296875,4.667179584503174,3.944363594055176,37.340572357177734,1.1353733539581299,2.661477565765381,8.372536659240723,3.120528221130371,2.473100423812866,15.853923797607422,rest
sub_13_trial_038,sub_13,38,-5.383037090301514,2.9215312004089355,37.51243591308594,-1.531612753868103,2.109466075897217,6.795685768127441,0.12604139745235443,3.04530668258667,9.289779663085938,-5.272484302520752,3.3843181133270264,39.25270462036133,-1.4091817140579224,2.156925916671753,6.638122081756592,-7.921064376831055,3.4316766262054443,74.5196533203125,-7.429069995880127,3.0646185874938965,64.58296203613281,2.6871562004089355,3.4604575634002686,19.195573806762695,rest
sub_13_trial_039,sub_13,39,-2.2304770946502686,2.9091365337371826,13.438103675842285,-4.07086706161499,2.263420343399048,21.695026397705078,-1.4302834272384644,3.3898754119873047,13.536966323852539,-4.768496513366699,2.8247880935668945,30.717985153198242,-1.3420956134796143,1.7534369230270386,4.87576150894165,5.256197452545166,2.969564437866211,36.4459228515625,-0.650270402431488,3.0046746730804443,9.450922012329102,1.324615716934204,2.6684675216674805,8.875325202941895,move
